ST,STATE,ST_ABBR,COUNTY,FIPS,LOCATION,AREA_SQMI,E_TOTPOP,M_TOTPOP,E_HU,M_HU,E_HH,M_HH,E_POV,M_POV,E_UNEMP,M_UNEMP,E_PCI,M_PCI,E_NOHSDP,M_NOHSDP,E_AGE65,M_AGE65,E_AGE17,M_AGE17,E_DISABL,M_DISABL,E_SNGPNT,M_SNGPNT,E_MINRTY,M_MINRTY,E_LIMENG,M_LIMENG,E_MUNIT,M_MUNIT,E_MOBILE,M_MOBILE,E_CROWD,M_CROWD,E_NOVEH,M_NOVEH,E_GROUPQ,M_GROUPQ,EP_POV,MP_POV,EP_UNEMP,MP_UNEMP,EP_PCI,MP_PCI,EP_NOHSDP,MP_NOHSDP,EP_AGE65,MP_AGE65,EP_AGE17,MP_AGE17,EP_DISABL,MP_DISABL,EP_SNGPNT,MP_SNGPNT,EP_MINRTY,MP_MINRTY,EP_LIMENG,MP_LIMENG,EP_MUNIT,MP_MUNIT,EP_MOBILE,MP_MOBILE,EP_CROWD,MP_CROWD,EP_NOVEH,MP_NOVEH,EP_GROUPQ,MP_GROUPQ,EPL_POV,EPL_UNEMP,EPL_PCI,EPL_NOHSDP,SPL_THEME1,RPL_THEME1,EPL_AGE65,EPL_AGE17,EPL_DISABL,EPL_SNGPNT,SPL_THEME2,RPL_THEME2,EPL_MINRTY,EPL_LIMENG,SPL_THEME3,RPL_THEME3,EPL_MUNIT,EPL_MOBILE,EPL_CROWD,EPL_NOVEH,EPL_GROUPQ,SPL_THEME4,RPL_THEME4,SPL_THEMES,RPL_THEMES,F_POV,F_UNEMP,F_PCI,F_NOHSDP,F_THEME1,F_AGE65,F_AGE17,F_DISABL,F_SNGPNT,F_THEME2,F_MINRTY,F_LIMENG,F_THEME3,F_MUNIT,F_MOBILE,F_CROWD,F_NOVEH,F_GROUPQ,F_THEME4,F_TOTAL,E_UNINSUR,M_UNINSUR,EP_UNINSUR,MP_UNINSUR,E_DAYPOP
37,NORTH CAROLINA,NC,Currituck,37053,"Currituck County, North Carolina",261.9377042,25796,0,15557,47,10148,239,2562,567,608,198,30017,1409,1980,355,3996,112,5742,28,3711,393,854,213,3304,74,83,121,76,55,2228,211,196,98,270,113,134,95,10.0,2.2,4.8,1.5,30017.0,1409.0,10.8,1.9,15.5,0.4,22.3,0.1,14.6,1.5,8.4,2.1,12.8,0.3,0.3,0.5,0.5,0.4,14.3,1.4,1.9,1.0,2.7,1.1,0.5,0.4,0.0404,0.1212,0.1515,0.1717,0.4848,0.0808,0.1818,0.6465,0.2121,0.4848,1.5252,0.1111,0.1616,0.0404,0.202,0.0505,0.0606,0.2424,0.3232,0.0303,0.0303,0.6868,0.0,2.8988,0.0,0,0,0,0,0,0,0,0,0,0,0,0,0,0,0,0,0,0,0,0,3464,538,13.7,2.1,20263
37,NORTH CAROLINA,NC,Dare,37055,"Dare County, North Carolina",383.2252969,35741,0,34515,64,15441,479,2929,525,1000,250,33550,1664,1793,296,7181,85,6909,86,4775,461,965,259,4447,51,703,306,1582,272,1925,341,427,187,486,160,177,111,8.2,1.5,5.2,1.3,33550.0,1664.0,6.7,1.1,20.1,0.2,19.3,0.2,13.4,1.3,6.2,1.7,12.4,0.1,2.1,0.9,4.6,0.8,5.6,1.0,2.8,1.2,3.1,1.0,0.5,0.3,0.0,0.1515,0.0606,0.0,0.2121,0.0101,0.6768,0.2727,0.1212,0.1818,1.2525,0.0505,0.1111,0.7071,0.8182,0.3535,0.798,0.0606,0.8182,0.0505,0.0303,1.7576,0.1818,4.0404,0.0101,0,0,0,0,0,0,0,0,0,0,0,0,0,0,0,0,0,0,0,0,5293,790,14.9,2.2,37294
37,NORTH CAROLINA,NC,Haywood,37087,"Haywood County, North Carolina",553.5597741,60433,0,35398,85,26336,566,8304,1130,1319,279,29453,1201,5383,477,14548,86,11069,89,10530,625,2001,299,4300,66,430,157,593,169,6397,625,428,143,1176,236,504,121,13.9,1.9,4.7,1.0,29453.0,1201.0,11.9,1.1,24.1,0.1,18.3,0.1,17.6,1.0,7.6,1.1,7.1,0.1,0.7,0.3,1.7,0.5,18.1,1.8,1.6,0.5,4.5,0.9,0.8,0.2,0.2222,0.101,0.202,0.2828,0.808,0.1515,0.8788,0.1515,0.5859,0.3232,1.9394,0.4848,0.0202,0.1818,0.202,0.0505,0.4444,0.4141,0.1818,0.1919,0.0909,1.3231,0.0505,4.2725,0.0202,0,0,0,0,0,0,0,0,0,0,0,0,0,0,0,0,0,0,0,0,6453,771,10.8,1.3,47678
37,NORTH CAROLINA,NC,Clay,37043,"Clay County, North Carolina",214.9833341,10813,0,7309,38,5062,291,1700,447,105,83,26590,3068,958,240,3172,56,1889,98,1986,267,174,114,680,19,46,87,116,82,1437,273,34,44,349,146,41,37,15.8,4.1,2.3,1.8,26590.0,3068.0,11.5,2.9,29.3,0.5,17.5,0.9,18.4,2.5,3.4,2.2,6.3,0.2,0.4,0.8,1.6,1.1,19.7,3.7,0.7,0.9,6.9,2.8,0.4,0.3,0.3939,0.0,0.303,0.2323,0.9292,0.1717,0.9798,0.0909,0.6667,0.0101,1.7475,0.3131,0.0101,0.0606,0.0707,0.0,0.404,0.4747,0.0101,0.6364,0.0101,1.5353,0.1111,4.2827,0.0303,0,0,0,0,0,1,0,0,0,1,0,0,0,0,0,0,0,0,0,1,1570,353,14.6,3.3,8132
37,NORTH CAROLINA,NC,Union,37179,"Union County, North Carolina",632.6878133,226694,0,79644,124,75165,591,19921,1497,6213,608,34379,831,14675,800,27269,68,62740,31,21112,1048,5828,525,62132,164,5613,552,1301,254,4666,445,1851,300,1923,293,2224,301,8.9,0.7,5.3,0.5,34379.0,831.0,10.2,0.6,12.0,0.1,27.7,0.0,9.4,0.5,7.8,0.7,27.4,0.1,2.6,0.3,1.6,0.3,5.9,0.6,2.5,0.4,2.6,0.4,1.0,0.1,0.0101,0.1818,0.0404,0.1414,0.3737,0.0505,0.0606,0.9899,0.0303,0.3636,1.4444,0.0707,0.4444,0.8081,1.2525,0.6869,0.404,0.0707,0.6465,0.0202,0.1717,1.3131,0.0303,4.3837,0.0404,0,0,0,0,0,0,1,0,0,1,0,0,0,0,0,0,0,0,0,1,21183,1505,9.4,0.7,169933
37,NORTH CAROLINA,NC,Transylvania,37175,"Transylvania County, North Carolina",378.4345911,33513,0,19560,137,14123,510,4776,615,829,255,27050,1503,2900,341,9725,88,5373,45,5377,483,796,218,3249,50,316,165,254,127,2737,376,265,112,587,162,1273,290,14.7,1.9,5.8,1.7,27050.0,1503.0,11.4,1.3,29.0,0.3,16.0,0.1,16.3,1.5,5.6,1.5,9.7,0.1,1.0,0.5,1.3,0.6,14.0,1.9,1.9,0.8,4.2,1.1,3.8,0.9,0.303,0.2828,0.2525,0.2121,1.0504,0.2121,0.9697,0.0404,0.4444,0.0909,1.5454,0.1212,0.0909,0.303,0.3939,0.101,0.303,0.2121,0.3232,0.1515,0.7576,1.7474,0.1616,4.7371,0.0505,0,0,0,0,0,1,0,0,0,1,0,0,0,0,0,0,0,0,0,1,4786,562,14.5,1.7,28321
37,NORTH CAROLINA,NC,Camden,37029,"Camden County, North Carolina",240.328681,10447,0,4228,23,3836,172,1172,339,460,174,26951,2303,1042,254,1782,86,2491,66,1402,266,317,118,2047,19,72,85,73,69,662,158,26,33,74,66,33,47,11.2,3.2,9.3,3.6,26951.0,2303.0,14.4,3.5,17.1,0.8,23.8,0.6,13.6,2.6,8.3,3.1,19.6,0.2,0.7,0.9,1.7,1.6,15.7,3.7,0.7,0.9,1.9,1.7,0.3,0.4,0.0808,0.8788,0.2828,0.4141,1.6565,0.404,0.3434,0.8485,0.1414,0.4545,1.7878,0.3535,0.3434,0.1818,0.5252,0.1515,0.4444,0.3131,0.0101,0.0101,0.0,0.7777,0.0101,4.7472,0.0606,0,0,0,0,0,0,0,0,0,0,0,0,0,0,0,0,0,0,0,0,834,213,8.1,2.1,6795
37,NORTH CAROLINA,NC,Lincoln,37109,"Lincoln County, North Carolina",295.8411571,81441,0,35227,78,32022,452,11593,1264,2584,399,29089,860,8357,606,13761,120,17562,34,12140,731,2634,389,12168,100,775,249,526,198,7410,537,634,175,980,246,739,160,14.4,1.6,6.4,1.0,29089.0,860.0,14.4,1.1,16.9,0.1,21.6,0.0,15.0,0.9,8.2,1.2,14.9,0.1,1.0,0.3,1.5,0.6,21.0,1.5,2.0,0.5,3.1,0.8,0.9,0.2,0.2727,0.4343,0.2121,0.4141,1.3332,0.2424,0.2929,0.5455,0.2525,0.4242,1.5151,0.0909,0.2222,0.303,0.5252,0.1515,0.3535,0.5253,0.3636,0.0505,0.1313,1.4242,0.0808,4.7977,0.0707,0,0,0,0,0,0,0,0,0,0,0,0,0,0,0,0,0,0,0,0,7929,776,9.8,1.0,64728
37,NORTH CAROLINA,NC,Stokes,37169,"Stokes County, North Carolina",449.0134653,45905,0,22186,57,19302,414,6166,771,1400,316,25091,1408,5529,524,9098,112,8920,58,6978,571,1603,331,4022,75,47,105,220,104,5530,505,291,111,629,188,528,119,13.6,1.7,6.3,1.4,25091.0,1408.0,16.5,1.5,19.8,0.2,19.4,0.1,15.4,1.2,8.3,1.7,8.8,0.2,0.1,0.2,1.0,0.5,24.9,2.3,1.5,0.6,3.3,1.0,1.2,0.3,0.1919,0.404,0.4444,0.596,1.6363,0.3939,0.6465,0.2828,0.2929,0.4545,1.6767,0.2222,0.0808,0.0101,0.0909,0.0202,0.2121,0.7374,0.1717,0.0707,0.2222,1.4141,0.0707,4.818,0.0808,0,0,0,0,0,0,0,0,0,0,0,0,0,0,0,0,0,0,0,0,5895,688,13.0,1.5,31225
37,NORTH CAROLINA,NC,Macon,37113,"Macon County, North Carolina",515.5838316,34410,0,25557,79,15699,470,5679,915,650,173,28429,1511,2938,357,9653,120,6388,84,5999,463,900,205,3684,54,554,192,235,89,3507,405,328,129,846,205,360,154,16.6,2.7,4.5,1.2,28429.0,1511.0,11.4,1.4,28.1,0.3,18.6,0.2,17.5,1.4,5.7,1.3,10.7,0.2,1.7,0.6,0.9,0.4,13.7,1.6,2.1,0.8,5.4,1.3,1.0,0.4,0.4747,0.0808,0.2222,0.2121,0.9898,0.1919,0.9394,0.1919,0.5556,0.101,1.7879,0.3636,0.101,0.6263,0.7273,0.303,0.1616,0.202,0.3939,0.4242,0.1717,1.3534,0.0606,4.8584,0.0909,0,0,0,0,0,1,0,0,0,1,0,0,0,0,0,0,0,0,0,1,4860,589,14.2,1.7,30816
37,NORTH CAROLINA,NC,Moore,37125,"Moore County, North Carolina",697.6775595,95629,0,46638,120,38965,750,11863,1197,2244,415,33432,1318,6633,579,22698,102,20362,0,14487,763,2382,362,21808,67,1230,322,1639,247,6965,523,627,210,1712,249,1413,207,12.6,1.3,5.3,1.0,33432.0,1318.0,9.6,0.8,23.7,0.1,21.3,0.0,15.7,0.8,6.1,0.9,22.8,0.1,1.4,0.4,3.5,0.5,14.9,1.1,1.6,0.5,4.4,0.6,1.5,0.2,0.1313,0.1818,0.0707,0.0909,0.4747,0.0707,0.8485,0.4949,0.3333,0.1515,1.8282,0.3838,0.3636,0.4949,0.8585,0.3939,0.7071,0.2727,0.1818,0.1818,0.3636,1.707,0.1515,4.8684,0.101,0,0,0,0,0,0,0,0,0,0,0,0,0,0,0,0,0,0,0,0,8670,911,9.4,1.0,92042
37,NORTH CAROLINA,NC,Brunswick,37019,"Brunswick County, North Carolina",849.1869345,126860,0,86968,112,54226,889,16201,1418,3430,508,31204,726,9523,770,37182,93,20621,0,21978,989,3069,415,23147,112,1136,294,3732,440,19513,885,971,310,2181,353,910,210,12.9,1.1,6.3,0.9,31204.0,726.0,9.6,0.8,29.3,0.1,16.3,0.0,17.5,0.8,5.7,0.8,18.2,0.1,0.9,0.2,4.3,0.5,22.4,1.0,1.8,0.6,4.0,0.7,0.7,0.2,0.1515,0.404,0.1212,0.0909,0.7676,0.1414,0.9798,0.0505,0.5556,0.101,1.6869,0.2626,0.2929,0.2727,0.5656,0.202,0.7677,0.6162,0.2929,0.1212,0.0606,1.8586,0.2222,4.8787,0.1111,0,0,0,0,0,1,0,0,0,1,0,0,0,0,0,0,0,0,0,1,13788,1105,11.0,0.9,117676
37,NORTH CAROLINA,NC,Orange,37135,"Orange County, North Carolina",397.5325362,142938,0,57502,303,52529,609,17633,1471,3353,473,40650,1803,6478,643,18364,49,28526,0,12546,840,3703,546,43814,120,4075,567,8683,617,4799,482,1100,254,2644,335,11304,733,13.4,1.1,4.4,0.6,40650.0,1803.0,7.3,0.7,12.8,0.1,20.0,0.0,8.8,0.6,7.0,1.0,30.7,0.1,3.0,0.4,15.1,1.1,8.3,0.8,2.1,0.5,5.0,0.6,7.9,0.5,0.1818,0.0606,0.0,0.0202,0.2626,0.0202,0.101,0.3232,0.0202,0.2525,0.6969,0.0101,0.4949,0.8687,1.3636,0.7879,0.9697,0.0909,0.3939,0.303,0.9192,2.6767,0.596,4.9998,0.1212,0,0,0,0,0,0,0,0,0,0,0,0,0,1,0,0,0,1,2,2,10248,770,7.2,0.5,134912
37,NORTH CAROLINA,NC,Henderson,37089,"Henderson County, North Carolina",372.9300901,113625,0,56939,111,48281,623,11926,1283,1535,256,29860,763,8546,857,28504,140,22002,117,16810,754,3027,422,19068,376,2908,523,1948,268,8753,600,1096,292,2267,367,1415,224,10.6,1.1,2.9,0.5,29860.0,763.0,10.1,1.0,25.1,0.1,19.4,0.1,14.9,0.7,6.3,0.9,16.8,0.3,2.7,0.5,3.4,0.5,15.4,1.1,2.3,0.6,4.7,0.8,1.2,0.2,0.0505,0.0101,0.1717,0.1313,0.3636,0.0404,0.9091,0.2828,0.2323,0.1919,1.6161,0.1717,0.2828,0.8283,1.1111,0.596,0.697,0.2929,0.5051,0.2222,0.2222,1.9394,0.2323,5.0302,0.1313,0,0,0,0,0,1,0,0,0,1,0,0,0,0,0,0,0,0,0,1,12919,923,11.5,0.8,101345
37,NORTH CAROLINA,NC,Iredell,37097,"Iredell County, North Carolina",574.1912982,172525,0,72834,126,65246,657,20230,1436,5349,527,32006,842,13015,863,26249,78,40440,0,22506,936,6022,545,40981,151,2835,453,3213,371,9889,580,1658,282,2199,294,1286,235,11.8,0.8,6.0,0.6,32006.0,842.0,11.0,0.7,15.2,0.1,23.4,0.0,13.1,0.5,9.2,0.8,23.8,0.1,1.7,0.3,4.4,0.5,13.6,0.8,2.5,0.4,3.4,0.5,0.7,0.1,0.101,0.3333,0.0909,0.1919,0.7171,0.1313,0.1414,0.8182,0.1111,0.5657,1.6364,0.202,0.3838,0.6263,1.0101,0.5253,0.7778,0.1818,0.6465,0.0808,0.0606,1.7475,0.1717,5.1111,0.1414,0,0,0,0,0,0,0,0,0,0,0,0,0,0,0,0,0,0,0,0,16451,1053,9.6,0.6,161046
37,NORTH CAROLINA,NC,Wake,37183,"Wake County, North Carolina",834.8216065,1046558,0,421426,327,390498,1545,99877,3945,24819,1510,39102,390,50481,1858,113852,41,255854,0,88102,1890,33903,1496,415361,650,24803,1579,71712,1765,13644,911,8429,684,15586,822,21921,834,9.8,0.4,4.3,0.3,39102.0,390.0,7.3,0.3,10.9,0.1,24.4,0.0,8.5,0.2,8.7,0.4,39.7,0.1,2.5,0.2,17.0,0.4,3.2,0.2,2.2,0.2,4.0,0.2,2.1,0.1,0.0303,0.0303,0.0202,0.0202,0.101,0.0,0.0303,0.8889,0.0101,0.5152,1.4445,0.0808,0.6465,0.798,1.4445,0.8283,0.9798,0.0303,0.4545,0.1212,0.5354,2.1212,0.2929,5.1112,0.1515,0,0,0,0,0,0,0,0,0,0,0,0,0,1,0,0,0,0,1,1,92204,2845,8.9,0.3,966658
37,NORTH CAROLINA,NC,Buncombe,37021,"Buncombe County, North Carolina",656.4965596,254474,0,121591,321,107093,916,30609,1978,5203,662,31439,794,16793,1056,48292,66,48313,124,34184,1331,6385,577,41701,156,4665,763,10604,788,17321,930,3442,520,5428,497,6892,631,12.3,0.8,4.0,0.5,31439.0,794.0,9.0,0.6,19.0,0.1,19.0,0.0,13.6,0.5,6.0,0.5,16.4,0.1,1.9,0.3,8.7,0.6,14.2,0.8,3.2,0.5,5.1,0.5,2.7,0.2,0.1212,0.0202,0.1111,0.0606,0.3131,0.0303,0.5152,0.2222,0.1414,0.1414,1.0202,0.0303,0.2626,0.6566,0.9192,0.4444,0.8889,0.2323,0.8687,0.3333,0.6263,2.9495,0.7273,5.202,0.1616,0,0,0,0,0,0,0,0,0,0,0,0,0,0,0,0,0,0,0,0,25575,1491,10.2,0.6,250613
37,NORTH CAROLINA,NC,Polk,37149,"Polk County, North Carolina",237.6868283,20458,0,11674,47,9047,327,1906,368,475,139,30344,1772,1433,226,6016,83,3428,18,3703,333,403,132,2915,538,130,101,598,98,1750,258,222,99,543,140,332,75,9.5,1.8,5.2,1.5,30344.0,1772.0,9.1,1.4,29.4,0.4,16.8,0.1,18.4,1.6,4.5,1.5,14.2,2.6,0.7,0.5,5.1,0.8,15.0,2.2,2.5,1.1,6.0,1.5,1.6,0.4,0.0202,0.1515,0.1414,0.0707,0.3838,0.0606,1.0,0.0606,0.6667,0.0303,1.7576,0.3232,0.2121,0.1818,0.3939,0.101,0.8384,0.2828,0.6465,0.5253,0.3838,2.6768,0.6061,5.2121,0.1717,0,0,0,0,0,1,0,0,0,1,0,0,0,0,0,0,0,0,0,1,2015,345,10.0,1.7,16514
37,NORTH CAROLINA,NC,Carteret,37031,"Carteret County, North Carolina",507.6068457,68920,0,49911,107,29690,449,7831,788,2159,284,32005,880,4603,364,16237,65,12414,0,13228,796,2180,296,9396,61,497,168,4813,305,9057,443,347,98,1426,186,1114,216,11.6,1.2,6.6,0.8,32005.0,880.0,8.9,0.7,23.6,0.1,18.0,0.0,19.6,1.2,7.3,1.0,13.6,0.1,0.8,0.3,9.6,0.6,18.1,0.9,1.2,0.3,4.8,0.6,1.6,0.3,0.0909,0.4646,0.101,0.0505,0.707,0.1212,0.8283,0.1212,0.7778,0.2929,2.0202,0.596,0.202,0.2323,0.4343,0.1313,0.899,0.4141,0.1111,0.2525,0.3838,2.0605,0.2424,5.222,0.1818,0,0,0,0,0,0,0,0,0,0,0,0,0,0,0,0,0,0,0,0,7669,577,11.4,0.9,65698
37,NORTH CAROLINA,NC,New Hanover,37129,"New Hanover County, North Carolina",192.2025107,224231,0,109244,254,93636,985,37602,1917,7148,813,32629,723,10768,818,37427,128,42393,106,28069,1217,7586,669,51376,148,2684,493,16258,986,4472,519,1268,261,5986,560,7164,565,17.3,0.9,6.2,0.7,32629.0,723.0,7.1,0.5,16.7,0.1,18.9,0.0,12.7,0.5,8.1,0.7,22.9,0.1,1.3,0.2,14.9,0.9,4.1,0.5,1.4,0.3,6.4,0.6,3.2,0.3,0.5354,0.3838,0.0808,0.0101,1.0101,0.202,0.2727,0.2121,0.0909,0.4141,0.9898,0.0202,0.3737,0.4343,0.808,0.3333,0.9596,0.0505,0.1515,0.5758,0.6869,2.4243,0.4646,5.2322,0.1919,0,0,0,0,0,0,0,0,0,0,0,0,0,1,0,0,0,0,1,1,22625,1312,10.2,0.6,229706
37,NORTH CAROLINA,NC,Chatham,37037,"Chatham County, North Carolina",681.7172793,69791,0,31555,91,28527,391,8241,815,1698,344,39299,1746,6026,539,16306,147,14350,71,10548,956,1972,270,19869,172,2330,409,942,169,5203,443,483,154,1283,245,749,186,11.9,1.2,5.1,1.0,39299.0,1746.0,11.8,1.0,23.4,0.2,20.6,0.1,15.3,1.4,6.9,0.9,28.5,0.2,3.5,0.6,3.0,0.5,16.5,1.4,1.7,0.5,4.5,0.9,1.1,0.3,0.1111,0.1414,0.0101,0.2626,0.5252,0.0909,0.8081,0.3636,0.2727,0.2424,1.6868,0.2424,0.4848,0.9192,1.404,0.8081,0.6364,0.3333,0.2626,0.1919,0.2121,1.6363,0.1414,5.2523,0.202,0,0,0,0,0,0,0,0,0,0,0,1,1,0,0,0,0,0,0,1,8246,847,11.9,1.2,53299
37,NORTH CAROLINA,NC,Watauga,37189,"Watauga County, North Carolina",312.4184553,54117,0,33520,162,20355,594,13155,755,2009,407,24906,979,3243,447,8200,86,7066,104,5954,559,917,193,4392,95,302,141,3889,495,2936,343,334,123,1159,269,5856,383,27.2,1.5,7.4,1.4,24906.0,979.0,10.5,1.4,15.2,0.2,13.1,0.2,11.1,1.0,4.5,0.9,8.1,0.2,0.6,0.3,11.6,1.5,8.8,1.0,1.6,0.6,5.7,1.3,10.8,0.7,0.9798,0.6162,0.4545,0.1515,2.202,0.5859,0.1414,0.0101,0.0707,0.0303,0.2525,0.0,0.0606,0.1212,0.1818,0.0303,0.9192,0.101,0.1818,0.4545,0.9596,2.6161,0.5657,5.2524,0.2121,1,0,0,0,1,0,0,0,0,0,0,0,0,1,0,0,0,1,2,3,4741,600,8.8,1.1,56809
37,NORTH CAROLINA,NC,Gates,37073,"Gates County, North Carolina",340.6121249,11563,0,5336,28,4477,159,1270,360,381,150,25334,1639,1145,198,2213,22,2398,13,2514,264,301,115,4275,19,14,72,0,26,1735,211,70,39,203,100,52,45,11.1,3.1,6.8,2.7,25334.0,1639.0,13.7,2.4,19.1,0.2,20.7,0.1,21.9,2.3,6.7,2.6,37.0,0.2,0.1,0.7,0.0,0.5,32.5,3.9,1.6,0.9,4.5,2.2,0.4,0.4,0.0707,0.5152,0.404,0.3535,1.3434,0.2525,0.5253,0.404,0.9394,0.2323,2.101,0.6364,0.596,0.0101,0.6061,0.2323,0.0,0.9293,0.1818,0.1919,0.0101,1.3131,0.0303,5.3636,0.2222,0,0,0,0,0,0,0,1,0,1,0,0,0,0,1,0,0,0,1,2,974,215,8.5,1.9,7631
37,NORTH CAROLINA,NC,Mitchell,37121,"Mitchell County, North Carolina",221.2520376,15040,0,8812,37,6361,285,2052,361,280,105,23907,1895,1721,263,3609,56,2768,30,3041,262,348,134,1143,19,126,124,119,54,1552,285,50,35,368,97,343,78,14.0,2.5,4.3,1.6,23907.0,1895.0,15.5,2.3,24.0,0.4,18.4,0.2,20.4,1.7,5.5,2.1,7.6,0.1,0.9,0.9,1.4,0.6,17.6,3.2,0.8,0.6,5.8,1.5,2.3,0.5,0.2424,0.0303,0.5657,0.5051,1.3435,0.2626,0.8586,0.1717,0.8384,0.0808,1.9495,0.5354,0.0505,0.2727,0.3232,0.0909,0.3232,0.3939,0.0303,0.4848,0.5556,1.7878,0.202,5.404,0.2323,0,0,0,0,0,0,0,0,0,0,0,0,0,0,0,0,0,0,0,0,1887,297,12.6,2.0,13585
37,NORTH CAROLINA,NC,Madison,37115,"Madison County, North Carolina",449.6148991,21405,0,10892,81,8452,287,3586,556,559,164,25326,1774,2229,314,4486,41,3882,92,3566,378,552,125,1265,23,98,114,47,21,2796,280,155,74,398,152,1125,181,17.6,2.7,5.6,1.6,25326.0,1774.0,14.6,2.0,21.0,0.2,18.1,0.4,16.8,1.8,6.5,1.5,5.9,0.1,0.5,0.6,0.4,0.2,25.7,2.6,1.8,0.9,4.7,1.8,5.3,0.8,0.5556,0.2626,0.4141,0.4444,1.6767,0.4141,0.7172,0.1414,0.4949,0.202,1.5555,0.1313,0.0,0.0808,0.0808,0.0101,0.0404,0.7778,0.2929,0.2222,0.8384,2.1717,0.3232,5.4847,0.2424,0,0,0,0,0,0,0,0,0,0,0,0,0,0,0,0,0,0,0,0,2149,408,10.2,1.9,14417
37,NORTH CAROLINA,NC,Cherokee,37039,"Cherokee County, North Carolina",455.5363265,27668,0,18104,76,11895,423,4516,677,702,195,22754,1140,2912,347,7817,107,4771,11,5649,484,515,164,2417,37,153,106,30,19,3618,393,245,88,573,180,439,147,16.5,2.5,6.4,1.8,22754.0,1140.0,13.7,1.6,28.3,0.4,17.2,0.0,20.6,1.8,4.3,1.4,8.7,0.1,0.6,0.4,0.2,0.1,20.0,2.2,2.1,0.7,4.8,1.5,1.6,0.5,0.4545,0.4343,0.7172,0.3535,1.9595,0.5051,0.9596,0.0808,0.8788,0.0202,1.9394,0.4848,0.0707,0.1212,0.1919,0.0404,0.0202,0.4949,0.3939,0.2525,0.3838,1.5453,0.1212,5.6361,0.2525,0,0,0,0,0,1,0,0,0,1,0,0,0,0,0,0,0,0,0,1,3829,501,14.0,1.8,26202
37,NORTH CAROLINA,NC,Perquimans,37143,"Perquimans County, North Carolina",247.1437647,13459,0,7136,47,5919,206,2055,418,383,125,25809,1823,1361,237,3583,56,2579,8,2055,223,351,116,3755,18,128,123,109,68,1587,241,79,63,402,120,88,87,15.5,3.1,6.7,2.2,25809.0,1823.0,13.5,2.3,26.6,0.4,19.2,0.1,15.4,1.7,5.9,2.0,27.9,0.1,1.0,1.0,1.5,1.0,22.2,3.4,1.3,1.1,6.8,2.0,0.7,0.6,0.3535,0.4848,0.3838,0.3333,1.5554,0.3636,0.9293,0.2525,0.2929,0.1212,1.5959,0.1515,0.4747,0.303,0.7777,0.3232,0.3535,0.6061,0.1414,0.6162,0.0606,1.7778,0.1919,5.7068,0.2626,0,0,0,0,0,1,0,0,0,1,0,0,0,0,0,0,0,0,0,1,1688,364,12.7,2.7,10575
37,NORTH CAROLINA,NC,Davie,37059,"Davie County, North Carolina",263.6952327,41991,0,18582,36,15999,326,5710,904,1125,299,29613,1749,3979,504,8313,23,9038,86,6493,505,1132,277,6429,26,936,229,605,150,3457,446,436,163,470,155,368,58,13.7,2.2,5.5,1.5,29613.0,1749.0,13.3,1.7,19.8,0.1,21.5,0.2,15.6,1.2,7.1,1.7,15.3,0.1,2.3,0.6,3.3,0.8,18.6,2.4,2.7,1.0,2.9,1.0,0.9,0.1,0.202,0.2323,0.1919,0.3232,0.9494,0.1818,0.6465,0.5354,0.3131,0.2626,1.7576,0.3232,0.2323,0.7677,1.0,0.5051,0.6869,0.4343,0.7677,0.0404,0.1313,2.0606,0.2525,5.7676,0.2727,0,0,0,0,0,0,0,0,0,0,0,0,0,0,0,0,0,0,0,0,4510,828,10.8,2.0,35286
37,NORTH CAROLINA,NC,Ashe,37009,"Ashe County, North Carolina",425.0603837,26786,0,17649,76,11805,470,4748,741,604,172,24039,1544,3187,380,6427,63,4893,43,4166,398,867,225,1986,23,218,145,510,189,3820,418,91,52,729,174,430,167,18.0,2.8,4.6,1.3,24039.0,1544.0,15.8,1.9,24.0,0.2,18.3,0.2,15.7,1.5,7.3,1.9,7.4,0.1,0.9,0.6,2.9,1.1,21.6,2.4,0.8,0.4,6.2,1.5,1.6,0.6,0.5859,0.0909,0.5455,0.5152,1.7375,0.4444,0.8586,0.1515,0.3333,0.2929,1.6363,0.1919,0.0303,0.2727,0.303,0.0707,0.6162,0.5354,0.0303,0.5556,0.3838,2.1213,0.303,5.7981,0.2828,0,0,0,0,0,0,0,0,0,0,0,0,0,0,0,0,0,0,0,0,3155,344,11.9,1.3,20739
37,NORTH CAROLINA,NC,Cabarrus,37025,"Cabarrus County, North Carolina",361.2378374,201448,0,78093,118,72299,556,21822,1781,6349,608,31050,717,13302,1004,25749,96,52386,0,21234,1142,7151,600,66819,244,4165,625,4367,468,4943,479,2851,450,3144,385,1599,275,10.9,0.9,6.0,0.6,31050.0,717.0,10.0,0.8,12.8,0.1,26.0,0.0,10.6,0.6,9.9,0.8,33.2,0.1,2.2,0.3,5.6,0.6,6.3,0.6,3.9,0.6,4.3,0.5,0.8,0.1,0.0606,0.3333,0.1313,0.1212,0.6464,0.1111,0.101,0.9596,0.0606,0.6667,1.7879,0.3636,0.5152,0.7273,1.2425,0.6667,0.8485,0.0808,0.9596,0.1717,0.0909,2.1515,0.3131,5.8283,0.2929,0,0,0,0,0,0,1,0,0,1,0,0,0,0,0,1,0,0,1,2,15678,1181,7.8,0.6,174980
37,NORTH CAROLINA,NC,Johnston,37101,"Johnston County, North Carolina",791.2318124,191172,0,73685,115,67154,743,25213,2097,5185,717,25847,626,17373,976,24306,90,49706,0,27001,1323,6999,725,60690,119,4728,693,1563,295,12796,702,1313,292,2777,365,1720,242,13.3,1.1,5.5,0.7,25847.0,626.0,13.7,0.8,12.7,0.1,26.0,0.0,14.2,0.7,10.4,1.1,31.7,0.1,2.6,0.4,2.1,0.4,17.4,1.0,2.0,0.4,4.1,0.5,0.9,0.1,0.1717,0.2323,0.3737,0.3535,1.1312,0.2323,0.0909,0.9596,0.1818,0.7273,1.9596,0.5556,0.5051,0.8081,1.3132,0.7576,0.5051,0.3838,0.3636,0.1414,0.1313,1.5252,0.101,5.9292,0.303,0,0,0,0,0,0,1,0,0,1,0,0,0,0,0,0,0,0,0,1,23136,1576,12.2,0.8,149486
37,NORTH CAROLINA,NC,Mecklenburg,37119,"Mecklenburg County, North Carolina",523.5725071,1054314,0,435795,279,403546,1562,131485,4170,34106,1532,37298,388,69881,2496,112217,31,254065,0,87596,1795,39834,1387,555581,439,46928,1846,94211,2079,6149,484,9070,651,23988,867,15237,642,12.7,0.4,5.8,0.3,37298.0,388.0,9.9,0.4,10.6,0.1,24.1,0.0,8.4,0.2,9.9,0.3,52.7,0.0,4.8,0.2,21.6,0.5,1.4,0.1,2.2,0.2,5.9,0.2,1.4,0.1,0.1414,0.2828,0.0303,0.1111,0.5656,0.101,0.0202,0.8788,0.0,0.6667,1.5657,0.1414,0.8384,0.9495,1.7879,0.9495,1.0,0.0,0.4545,0.5152,0.3131,2.2828,0.3838,6.202,0.3131,0,0,0,0,0,0,0,0,0,0,0,1,1,1,0,0,0,0,1,2,124566,3313,11.9,0.3,1063828
37,NORTH CAROLINA,NC,Pender,37141,"Pender County, North Carolina",871.2952204,59020,0,28601,93,21766,411,8709,1074,2016,345,27724,1092,5189,469,10339,123,13225,67,9560,737,1117,223,14882,57,759,219,702,188,6773,453,438,147,913,205,1189,197,15.1,1.9,7.4,1.3,27724.0,1092.0,12.5,1.1,17.5,0.2,22.4,0.1,16.6,1.3,5.1,1.0,25.2,0.1,1.4,0.4,2.5,0.7,23.7,1.6,2.0,0.7,4.2,0.9,2.0,0.3,0.3232,0.6162,0.2424,0.3131,1.4949,0.3232,0.4141,0.6566,0.4848,0.0707,1.6262,0.1818,0.404,0.4949,0.8989,0.4242,0.5556,0.6768,0.3636,0.1515,0.5152,2.2627,0.3737,6.2827,0.3232,0,0,0,0,0,0,0,0,0,0,0,0,0,0,0,0,0,0,0,0,6517,766,11.3,1.3,44626
37,NORTH CAROLINA,NC,Stanly,37167,"Stanly County, North Carolina",395.125381,61114,0,27638,122,23717,382,8474,1000,1865,267,24671,792,6359,456,11242,78,13277,0,8769,552,2315,318,11705,108,566,208,244,117,3609,351,780,206,1144,227,2137,281,14.3,1.7,6.2,0.9,24671.0,792.0,14.9,1.1,18.4,0.1,21.7,0.0,14.7,0.9,9.8,1.3,19.2,0.2,1.0,0.4,0.9,0.4,13.1,1.3,3.3,0.9,4.8,0.9,3.5,0.5,0.2626,0.3838,0.4646,0.4848,1.5958,0.3838,0.4545,0.596,0.2222,0.6465,1.9192,0.4444,0.3232,0.303,0.6262,0.2424,0.1616,0.1616,0.8889,0.2525,0.7172,2.1818,0.3333,6.323,0.3333,0,0,0,0,0,0,0,0,0,0,0,0,0,0,0,0,0,0,0,0,6245,637,10.5,1.1,52082
37,NORTH CAROLINA,NC,Jackson,37099,"Jackson County, North Carolina",491.1925323,42256,0,27073,137,16642,551,7439,781,926,306,24073,1226,3141,418,7976,127,7163,61,5915,607,1278,240,8054,63,576,156,1059,228,4810,477,371,141,880,225,3720,301,19.4,2.0,4.7,1.6,24073.0,1226.0,11.6,1.5,18.9,0.3,17.0,0.1,14.1,1.4,7.7,1.4,19.1,0.1,1.4,0.4,3.9,0.8,17.8,1.8,2.2,0.8,5.3,1.4,8.8,0.7,0.6869,0.101,0.5354,0.2424,1.5657,0.3737,0.4949,0.0707,0.1616,0.3333,1.0605,0.0404,0.3131,0.4949,0.808,0.3333,0.7475,0.404,0.4545,0.3838,0.9293,2.9191,0.7071,6.3533,0.3434,0,0,0,0,0,0,0,0,0,0,0,0,0,0,0,0,0,1,1,1,5466,614,13.0,1.5,39713
37,NORTH CAROLINA,NC,Yancey,37199,"Yancey County, North Carolina",312.5920506,17667,0,11211,36,7402,249,3361,481,605,172,23264,1546,2076,288,4379,66,3296,48,3248,324,454,137,1307,19,236,122,212,67,2427,316,116,61,372,87,150,59,19.2,2.7,7.8,2.2,23264.0,1546.0,15.8,2.2,24.8,0.4,18.7,0.3,18.5,1.8,6.1,1.8,7.4,0.1,1.4,0.7,1.9,0.6,21.6,2.8,1.6,0.8,5.0,1.2,0.8,0.3,0.6566,0.6566,0.6566,0.5152,2.485,0.6566,0.899,0.202,0.6869,0.1515,1.9394,0.4848,0.0303,0.4949,0.5252,0.1515,0.4848,0.5354,0.1818,0.303,0.0909,1.5959,0.1313,6.5455,0.3535,0,0,0,0,0,0,0,0,0,0,0,0,0,0,0,0,0,0,0,0,2196,313,12.5,1.8,11516
37,NORTH CAROLINA,NC,Avery,37011,"Avery County, North Carolina",247.3377644,17501,0,14166,301,6587,441,2056,362,300,121,20253,1899,2325,288,3700,51,2707,0,2991,356,327,128,2203,244,194,110,1181,134,2241,328,109,86,258,67,3334,634,14.4,2.6,4.3,1.7,20253.0,1899.0,17.7,2.2,21.1,0.3,15.5,0.0,19.9,2.3,5.0,1.9,12.6,1.4,1.2,0.7,8.3,0.9,15.8,2.3,1.7,1.3,3.9,1.1,19.1,3.6,0.2727,0.0303,0.899,0.6566,1.8586,0.4646,0.7374,0.0202,0.7879,0.0606,1.6061,0.1616,0.1515,0.404,0.5555,0.1919,0.8788,0.3232,0.2626,0.101,1.0,2.5656,0.5253,6.5858,0.3636,0,0,0,0,0,0,0,0,0,0,0,0,0,0,0,0,0,1,1,1,2256,288,15.0,1.8,17520
37,NORTH CAROLINA,NC,Franklin,37069,"Franklin County, North Carolina",491.8001472,64902,0,28012,119,24749,523,9093,1167,1731,292,26273,1038,7114,577,10417,95,14574,66,10049,716,2018,303,23658,66,1171,348,366,109,7171,545,552,163,1276,215,1589,257,14.4,1.8,5.5,0.9,26273.0,1038.0,15.9,1.3,16.1,0.1,22.5,0.1,15.7,1.1,8.2,1.2,36.5,0.1,1.9,0.6,1.3,0.4,25.6,2.0,2.2,0.7,5.2,0.9,2.4,0.4,0.2727,0.2323,0.3131,0.5455,1.3636,0.2828,0.2222,0.697,0.3333,0.4242,1.6767,0.2222,0.5758,0.6566,1.2324,0.6364,0.303,0.7677,0.4545,0.3636,0.5657,2.4545,0.4747,6.7272,0.3737,0,0,0,0,0,0,0,0,0,0,0,0,0,0,0,0,0,0,0,0,7142,941,11.2,1.5,47374
37,NORTH CAROLINA,NC,Gaston,37071,"Gaston County, North Carolina",355.7201328,216585,0,91779,203,81494,861,33324,1814,7125,616,26069,589,22783,1042,33757,69,49469,0,33579,1049,7750,543,58421,359,2369,360,4326,418,10214,574,2219,304,4585,400,2906,331,15.6,0.9,6.7,0.6,26069.0,589.0,15.3,0.7,15.6,0.1,22.8,0.0,15.7,0.5,9.5,0.7,27.0,0.2,1.2,0.2,4.7,0.5,11.1,0.6,2.7,0.4,5.6,0.5,1.3,0.2,0.3838,0.4848,0.3535,0.4949,1.717,0.4242,0.1919,0.7576,0.3333,0.596,1.8788,0.404,0.4242,0.404,0.8282,0.3636,0.8081,0.1212,0.7677,0.4444,0.2626,2.404,0.4444,6.828,0.3838,0,0,0,0,0,0,0,0,0,0,0,0,0,0,0,0,0,0,0,0,23152,1351,10.8,0.6,185502
37,NORTH CAROLINA,NC,Caldwell,37027,"Caldwell County, North Carolina",471.8909698,81779,0,37950,94,32594,538,13405,1062,2546,370,22945,856,11913,829,15466,80,16870,61,14780,784,2578,367,10167,109,1140,296,843,242,7215,545,692,214,1578,248,992,207,16.6,1.3,6.6,1.0,22945.0,856.0,20.3,1.4,18.9,0.1,20.6,0.1,18.3,1.0,7.9,1.1,12.4,0.1,1.5,0.4,2.2,0.6,19.0,1.4,2.1,0.7,4.8,0.7,1.2,0.3,0.4747,0.4646,0.697,0.8384,2.4747,0.6465,0.4949,0.3636,0.6364,0.3737,1.8686,0.3939,0.1111,0.5556,0.6667,0.2727,0.5152,0.4444,0.3939,0.2525,0.2222,1.8282,0.2121,6.8382,0.3939,0,0,0,0,0,0,0,0,0,0,0,0,0,0,0,0,0,0,0,0,10205,782,12.6,1.0,70497
37,NORTH CAROLINA,NC,Granville,37077,"Granville County, North Carolina",531.9906998,58874,0,24069,175,21030,457,7781,933,1695,396,26228,879,6522,546,9519,76,12272,0,8981,654,2377,351,24620,38,838,224,382,130,5033,415,251,124,1053,219,3706,430,13.9,1.7,6.1,1.4,26228.0,879.0,15.8,1.3,16.2,0.1,20.8,0.0,16.0,1.2,11.3,1.7,41.8,0.1,1.5,0.4,1.6,0.5,20.9,1.7,1.2,0.6,5.0,1.0,6.3,0.7,0.2222,0.3636,0.3333,0.5152,1.4343,0.2929,0.2424,0.4343,0.4141,0.8586,1.9494,0.5152,0.6869,0.5556,1.2425,0.6667,0.404,0.5152,0.1111,0.303,0.8788,2.2121,0.3636,6.8383,0.404,0,0,0,0,0,0,0,0,0,0,0,0,0,0,0,0,0,0,0,0,5115,681,9.1,1.2,51441
37,NORTH CAROLINA,NC,Alleghany,37005,"Alleghany County, North Carolina",234.4029084,10973,0,8160,48,4746,225,2673,418,284,116,21244,1196,1926,238,2802,41,1943,0,2533,253,342,118,1425,19,142,114,44,26,1392,239,58,38,185,62,163,95,24.6,3.8,5.9,2.3,21244.0,1196.0,23.4,2.8,25.5,0.4,17.7,0.0,23.3,2.3,7.2,2.5,13.0,0.2,1.3,1.1,0.5,0.3,17.1,2.9,1.2,0.8,3.9,1.3,1.5,0.9,0.9192,0.3232,0.8081,0.9697,3.0202,0.8081,0.9192,0.101,0.9596,0.2727,2.2525,0.7172,0.1717,0.4343,0.606,0.2121,0.0606,0.3737,0.1111,0.101,0.3636,1.01,0.0202,6.8887,0.4141,1,0,0,1,2,1,0,1,0,2,0,0,0,0,0,0,0,0,0,4,1211,230,11.2,2.1,10221
37,NORTH CAROLINA,NC,Alexander,37003,"Alexander County, North Carolina",259.9849362,37119,0,16399,84,13722,421,5333,861,1170,304,24452,1440,4924,532,7089,130,7618,30,6510,588,912,221,4874,26,536,268,67,40,5111,423,393,143,498,150,1326,203,14.9,2.4,6.7,1.7,24452.0,1440.0,18.4,2.0,19.1,0.4,20.5,0.1,18.2,1.6,6.6,1.6,13.1,0.1,1.5,0.8,0.4,0.2,31.2,2.6,2.9,1.0,3.6,1.1,3.6,0.5,0.3131,0.4848,0.4747,0.6667,1.9393,0.4949,0.5253,0.3434,0.6263,0.2121,1.7071,0.2727,0.1818,0.5556,0.7374,0.3131,0.0404,0.8889,0.8384,0.0909,0.7273,2.5859,0.5556,6.9697,0.4242,0,0,0,0,0,0,0,0,0,0,0,0,0,0,0,0,0,0,0,0,3869,423,10.8,1.2,27611
37,NORTH CAROLINA,NC,Catawba,37035,"Catawba County, North Carolina",401.3726619,156729,0,68693,156,61099,728,20377,1657,5453,592,26950,681,16024,958,26739,122,35357,0,22052,1135,5030,489,37865,189,4129,551,3448,407,9668,579,1770,324,2987,419,2485,331,13.2,1.1,7.0,0.7,26950.0,681.0,14.8,0.9,17.1,0.1,22.6,0.0,14.2,0.7,8.2,0.8,24.2,0.1,2.8,0.4,5.0,0.6,14.1,0.8,2.9,0.5,4.9,0.7,1.6,0.2,0.1616,0.5657,0.2929,0.4747,1.4949,0.3232,0.3434,0.7374,0.1818,0.4242,1.6868,0.2424,0.3939,0.8485,1.2424,0.6465,0.8283,0.2222,0.8384,0.2929,0.3838,2.5656,0.5253,6.9897,0.4343,0,0,0,0,0,0,0,0,0,0,0,0,0,0,0,0,0,0,0,0,16819,1240,10.8,0.8,172533
37,NORTH CAROLINA,NC,Davidson,37057,"Davidson County, North Carolina",553.1728852,164664,0,74311,171,65471,759,25064,1861,5745,584,25109,537,19082,898,28859,181,36830,0,26141,1038,5410,524,32116,31,3075,446,2213,335,11424,782,1588,323,3755,392,1935,389,15.5,1.1,7.2,0.7,25109.0,537.0,16.6,0.8,17.5,0.1,22.4,0.0,16.1,0.6,8.3,0.8,19.5,0.0,2.0,0.3,3.0,0.5,15.4,1.0,2.4,0.5,5.7,0.6,1.2,0.2,0.3535,0.6061,0.4343,0.6061,2.0,0.5253,0.4141,0.6566,0.4242,0.4545,1.9494,0.5152,0.3333,0.6768,1.0101,0.5253,0.6364,0.2929,0.596,0.4545,0.2222,2.202,0.3535,7.1615,0.4444,0,0,0,0,0,0,0,0,0,0,0,0,0,0,0,0,0,0,0,0,18582,1315,11.4,0.8,127861
37,NORTH CAROLINA,NC,Graham,37075,"Graham County, North Carolina",291.9649891,8557,0,6017,47,3288,196,1524,344,236,110,19323,1739,1151,186,1990,31,1755,74,1724,219,98,55,1129,17,47,77,72,39,1605,203,15,18,239,100,119,107,18.1,4.1,6.9,3.2,19323.0,1739.0,19.0,3.0,23.3,0.4,20.5,0.9,20.4,2.5,3.0,1.7,13.2,0.2,0.6,0.9,1.2,0.7,26.7,3.4,0.5,0.6,7.3,2.9,1.4,1.3,0.6162,0.5455,0.9394,0.7172,2.8183,0.7374,0.798,0.3434,0.8384,0.0,1.9798,0.5859,0.1919,0.1212,0.3131,0.0808,0.2424,0.8283,0.0,0.6768,0.3131,2.0606,0.2525,7.1718,0.4545,0,0,1,0,1,0,0,0,0,0,0,0,0,0,0,0,0,0,0,1,1448,312,17.1,3.7,6790
37,NORTH CAROLINA,NC,Onslow,37133,"Onslow County, North Carolina",761.9405397,193912,0,78501,426,64065,1024,23880,2150,6709,801,23783,615,9045,903,16797,86,47355,70,27298,1361,6697,706,65094,157,1229,362,5532,735,11375,877,1121,304,3039,474,20066,1166,13.8,1.2,9.6,1.1,23783.0,615.0,8.8,0.9,8.7,0.1,24.4,0.0,17.5,0.8,10.5,1.1,33.6,0.1,0.7,0.2,7.0,0.9,14.5,1.1,1.7,0.5,4.7,0.7,10.3,0.6,0.2121,0.899,0.5859,0.0404,1.7374,0.4343,0.0,0.8889,0.5556,0.7374,2.1819,0.697,0.5253,0.1818,0.7071,0.2828,0.8586,0.2626,0.2626,0.2222,0.9495,2.5555,0.5152,7.1819,0.4646,0,0,0,0,0,0,0,0,0,0,0,0,0,0,0,0,0,1,1,1,13398,1259,8.6,0.8,164336
37,NORTH CAROLINA,NC,Yadkin,37197,"Yadkin County, North Carolina",334.9419807,37665,0,17401,69,15448,307,5692,797,889,201,23566,952,5052,417,7208,55,8061,20,6312,441,1230,233,5858,25,978,251,260,119,4508,394,406,131,788,175,326,85,15.3,2.1,5.3,1.2,23566.0,952.0,19.0,1.6,19.1,0.1,21.4,0.1,16.9,1.2,8.0,1.5,15.6,0.1,2.7,0.7,1.5,0.7,25.9,2.3,2.6,0.8,5.1,1.1,0.9,0.2,0.3333,0.1818,0.6263,0.7172,1.8586,0.4646,0.5253,0.5152,0.5253,0.3939,1.9597,0.5657,0.2424,0.8283,1.0707,0.5859,0.3535,0.7879,0.7071,0.3333,0.1313,2.3131,0.404,7.2021,0.4747,0,0,0,0,0,0,0,0,0,0,0,0,0,0,0,0,0,0,0,0,4569,631,12.2,1.7,29329
37,NORTH CAROLINA,NC,Randolph,37151,"Randolph County, North Carolina",782.3182948,142958,0,62147,100,56041,591,22265,1534,3719,429,24127,1000,18335,895,24213,69,32997,0,22207,1124,5033,515,29512,171,4124,532,1833,276,13428,733,1272,271,2932,364,1445,213,15.8,1.1,5.4,0.6,24127.0,1000.0,18.6,0.9,16.9,0.1,23.1,0.0,15.7,0.8,9.0,0.9,20.6,0.1,3.1,0.4,2.9,0.4,21.6,1.2,2.3,0.5,5.2,0.7,1.0,0.1,0.3939,0.2222,0.5051,0.7071,1.8283,0.4545,0.2929,0.798,0.3333,0.5455,1.9697,0.5758,0.3535,0.8889,1.2424,0.6465,0.6162,0.5354,0.5051,0.3636,0.1717,2.192,0.3434,7.2324,0.4848,0,0,0,0,0,0,0,0,0,0,0,0,0,0,0,0,0,0,0,0,19208,1485,13.6,1.0,120926
37,NORTH CAROLINA,NC,Guilford,37081,"Guilford County, North Carolina",645.890079,523582,0,226743,369,202731,1256,80771,3636,16011,1170,29708,443,37932,1399,75740,55,117830,34,57584,1629,21939,951,257199,334,13820,977,31582,1170,6991,570,4643,575,13047,720,18602,789,15.9,0.7,6.0,0.4,29708.0,443.0,10.9,0.4,14.5,0.1,22.5,0.0,11.1,0.3,10.8,0.5,49.1,0.1,2.8,0.2,13.9,0.5,3.1,0.3,2.3,0.3,6.4,0.3,3.6,0.2,0.4141,0.3333,0.1818,0.1818,1.111,0.2222,0.1313,0.697,0.0707,0.8182,1.7172,0.2828,0.8081,0.8485,1.6566,0.9192,0.9394,0.0202,0.5051,0.5758,0.7273,2.7678,0.6869,7.2526,0.4949,0,0,0,0,0,0,0,0,0,0,0,0,0,1,0,0,0,0,1,1,52319,2180,10.1,0.4,553980
37,NORTH CAROLINA,NC,Pasquotank,37139,"Pasquotank County, North Carolina",226.879887,39479,0,17108,93,14780,358,5981,772,1187,235,23699,1047,3625,382,6367,51,8775,83,5718,457,1419,258,17831,22,314,155,754,175,2089,236,163,106,1419,226,2393,215,16.1,2.1,6.8,1.4,23699.0,1047.0,13.5,1.4,16.1,0.1,22.2,0.2,15.0,1.2,9.6,1.7,45.2,0.1,0.8,0.4,4.4,1.0,12.2,1.4,1.1,0.7,9.6,1.5,6.1,0.5,0.4343,0.5152,0.6061,0.3333,1.8889,0.4848,0.2222,0.6364,0.2525,0.6061,1.7172,0.2828,0.7273,0.2323,0.9596,0.4848,0.7778,0.1515,0.0808,0.8586,0.8687,2.7374,0.6566,7.3031,0.5051,0,0,0,0,0,0,0,0,0,0,0,0,0,0,0,0,0,0,0,0,5075,711,13.3,1.9,40133
37,NORTH CAROLINA,NC,Pamlico,37137,"Pamlico County, North Carolina",336.5016309,12742,0,7721,91,5352,225,1696,420,414,136,27026,2323,1192,152,3583,28,1971,14,2577,255,245,70,3284,28,158,98,56,38,1970,223,140,69,374,99,720,201,14.1,3.5,7.9,2.5,27026.0,2323.0,12.0,1.5,28.1,0.2,15.5,0.1,21.4,2.1,4.6,1.3,25.8,0.2,1.3,0.8,0.7,0.5,25.5,2.9,2.6,1.3,7.0,1.8,5.7,1.6,0.2525,0.6768,0.2626,0.2929,1.4848,0.3131,0.9394,0.0202,0.9192,0.0505,1.9293,0.4747,0.4141,0.4343,0.8484,0.3838,0.1313,0.7576,0.7071,0.6465,0.8586,3.1011,0.8182,7.3636,0.5152,0,0,0,0,0,1,0,1,0,2,0,0,0,0,0,0,0,0,0,2,1484,306,12.3,2.5,11339
37,NORTH CAROLINA,NC,Forsyth,37067,"Forsyth County, North Carolina",407.7816134,371573,0,163382,506,146685,974,63652,3192,11564,902,29921,627,27935,1259,56532,48,86795,65,37783,1232,14762,856,159729,343,10844,939,22174,1077,6245,487,3097,350,10993,596,10733,1122,17.6,0.9,6.4,0.5,29921.0,627.0,11.2,0.5,15.2,0.1,23.4,0.0,10.3,0.3,10.1,0.6,43.0,0.1,3.1,0.3,13.6,0.7,3.8,0.3,2.1,0.2,7.5,0.4,2.9,0.3,0.5556,0.4343,0.1616,0.202,1.3535,0.2727,0.1414,0.8182,0.0505,0.7071,1.7172,0.2828,0.7172,0.8889,1.6061,0.899,0.9293,0.0404,0.3939,0.7172,0.6566,2.7374,0.6566,7.4142,0.5253,0,0,0,0,0,0,0,0,0,0,0,0,0,1,0,0,0,0,1,1,40458,1738,11.0,0.5,358550
37,NORTH CAROLINA,NC,Durham,37063,"Durham County, North Carolina",286.4520568,306457,0,133429,383,123444,923,46805,2418,8615,729,34063,772,24310,1098,37056,62,65637,27,30212,1092,13066,956,177023,163,16891,1246,25717,1175,1836,345,3433,448,9936,596,14266,879,16.0,0.8,5.2,0.4,34063.0,772.0,11.6,0.5,12.1,0.1,21.4,0.0,10.0,0.4,10.6,0.8,57.8,0.1,5.9,0.4,19.3,0.9,1.4,0.3,2.8,0.4,8.0,0.5,4.7,0.3,0.4242,0.1515,0.0505,0.2424,0.8686,0.1616,0.0707,0.5152,0.0404,0.7677,1.394,0.0606,0.9091,0.9798,1.8889,1.0,0.9899,0.0,0.8182,0.7778,0.8081,3.394,0.9091,7.5455,0.5354,0,0,0,0,0,0,0,0,0,0,1,1,2,1,0,0,0,0,1,3,36780,1846,12.2,0.6,322678
37,NORTH CAROLINA,NC,Beaufort,37013,"Beaufort County, North Carolina",831.9728012,47243,0,25930,64,19325,470,8966,1203,1839,331,26233,1429,4188,502,10808,75,9759,47,8824,672,1493,299,16149,35,483,232,597,165,6963,510,147,75,1481,215,484,127,19.2,2.6,8.9,1.6,26233.0,1429.0,12.4,1.5,22.9,0.2,20.7,0.1,18.8,1.4,7.7,1.5,34.2,0.1,1.1,0.5,2.3,0.6,26.9,2.0,0.8,0.4,7.7,1.1,1.0,0.3,0.6566,0.7879,0.3232,0.303,2.0707,0.5657,0.7879,0.404,0.7273,0.3333,2.2525,0.7172,0.5556,0.3737,0.9293,0.4545,0.5354,0.8384,0.0303,0.7273,0.1717,2.3031,0.3939,7.5556,0.5455,0,0,0,0,0,0,0,0,0,0,0,0,0,0,0,0,0,0,0,0,4887,665,10.4,1.4,44686
37,NORTH CAROLINA,NC,Wilkes,37193,"Wilkes County, North Carolina",754.5397389,68460,0,33480,127,28355,539,13423,1199,1799,365,23745,1312,10522,717,14007,128,14255,49,12672,790,2033,341,8520,19,914,219,643,159,9235,546,443,182,1699,287,897,283,19.9,1.8,5.8,1.1,23745.0,1312.0,21.4,1.5,20.5,0.2,20.8,0.1,18.7,1.2,7.2,1.2,12.4,0.0,1.4,0.3,1.9,0.5,27.6,1.6,1.6,0.6,6.0,1.0,1.3,0.4,0.7374,0.2828,0.596,0.9091,2.5253,0.6768,0.697,0.4343,0.7071,0.2727,2.1111,0.6465,0.1111,0.4949,0.606,0.2121,0.4848,0.8687,0.1818,0.5253,0.2626,2.3232,0.4141,7.5656,0.5556,0,0,0,1,1,0,0,0,0,0,0,0,0,0,0,0,0,0,0,1,7484,750,11.1,1.1,61107
37,NORTH CAROLINA,NC,Rutherford,37161,"Rutherford County, North Carolina",565.4372087,66532,0,34275,142,26345,677,11731,1276,2410,438,22493,763,8245,701,13755,89,13977,80,13157,781,2104,361,11019,35,397,199,520,170,7127,585,431,156,1669,325,1238,328,18.0,1.9,8.4,1.4,22493.0,763.0,17.4,1.5,20.7,0.1,21.0,0.1,20.1,1.2,8.0,1.4,16.6,0.1,0.6,0.3,1.5,0.5,20.8,1.7,1.6,0.6,6.3,1.2,1.9,0.5,0.5859,0.7475,0.7374,0.6364,2.7072,0.6869,0.7071,0.4646,0.8081,0.3939,2.3737,0.7879,0.2727,0.1212,0.3939,0.101,0.3535,0.5051,0.1818,0.5657,0.4848,2.0909,0.2828,7.5657,0.5657,0,0,0,0,0,0,0,0,0,0,0,0,0,0,0,0,0,0,0,0,7345,763,11.2,1.2,60409
37,NORTH CAROLINA,NC,Rockingham,37157,"Rockingham County, North Carolina",565.6317207,91270,0,43977,105,37201,643,16201,1604,2568,358,23604,889,11394,756,17708,121,18821,55,14170,828,3448,428,25089,129,974,280,1356,249,7412,660,882,207,2665,358,1458,213,18.0,1.8,6.1,0.8,23604.0,889.0,17.4,1.1,19.4,0.1,20.6,0.1,15.7,0.9,9.3,1.1,27.5,0.1,1.1,0.3,3.1,0.6,16.9,1.5,2.4,0.6,7.2,0.9,1.6,0.2,0.5859,0.3636,0.6162,0.6364,2.2021,0.596,0.6061,0.3636,0.3333,0.5859,1.8889,0.4141,0.4545,0.3737,0.8282,0.3636,0.6667,0.3636,0.596,0.6566,0.3838,2.6667,0.5859,7.5859,0.5758,0,0,0,0,0,0,0,0,0,0,0,0,0,0,0,0,0,0,0,0,9216,828,10.2,0.9,76178
37,NORTH CAROLINA,NC,Alamance,37001,"Alamance County, North Carolina",423.4320553,160576,0,69749,203,64059,615,26264,1910,4529,510,26215,713,15629,732,26307,68,36203,11,22761,874,6808,627,56863,93,5034,595,5118,578,8342,509,1606,279,3372,345,4648,359,16.8,1.2,5.7,0.6,26215.0,713.0,14.5,0.7,16.4,0.1,22.5,0.0,14.3,0.5,10.6,1.0,35.4,0.1,3.3,0.4,7.3,0.8,12.0,0.7,2.5,0.4,5.3,0.5,2.9,0.2,0.4949,0.2727,0.3434,0.4343,1.5453,0.3434,0.2525,0.697,0.202,0.7677,1.9192,0.4444,0.5657,0.9091,1.4748,0.8586,0.8687,0.1313,0.6465,0.3838,0.6566,2.6869,0.6162,7.6262,0.5859,0,0,0,0,0,0,0,0,0,0,0,1,1,0,0,0,0,0,0,1,18968,1196,11.9,0.8,151693
37,NORTH CAROLINA,NC,Person,37145,"Person County, North Carolina",392.3342793,39305,0,18428,55,15744,348,6836,961,1703,342,25922,1215,3813,402,7227,58,8365,19,7291,617,1559,242,13217,22,243,137,157,90,4173,419,430,153,1234,325,521,119,17.7,2.5,8.6,1.7,25922.0,1215.0,13.7,1.4,18.4,0.1,21.3,0.0,18.8,1.6,9.9,1.5,33.6,0.1,0.7,0.4,0.9,0.5,22.6,2.3,2.7,1.0,7.8,2.1,1.3,0.3,0.5758,0.7677,0.3636,0.3535,2.0606,0.5556,0.4545,0.4949,0.7273,0.6667,2.3434,0.7778,0.5253,0.1818,0.7071,0.2828,0.1616,0.6364,0.7677,0.7475,0.2626,2.5758,0.5455,7.6869,0.596,0,0,0,0,0,0,0,0,0,0,0,0,0,0,0,0,0,0,0,0,3572,513,9.2,1.3,30914
37,NORTH CAROLINA,NC,Harnett,37085,"Harnett County, North Carolina",595.0260374,130361,0,51230,137,45086,522,21495,1590,4338,514,23011,516,11435,655,15414,33,34765,13,16689,778,4762,364,49831,157,2210,382,629,104,11099,541,1054,199,2431,262,3241,340,17.0,1.3,7.9,0.9,23011.0,516.0,13.7,0.8,11.8,0.1,26.7,0.0,13.4,0.6,10.6,0.8,38.2,0.1,1.8,0.3,1.2,0.2,21.7,1.1,2.3,0.4,5.4,0.6,2.5,0.3,0.5152,0.6768,0.6768,0.3535,2.2223,0.6061,0.0505,0.9798,0.1212,0.7677,1.9192,0.4444,0.6263,0.6465,1.2728,0.7172,0.2424,0.5657,0.5051,0.4242,0.5859,2.3233,0.4242,7.7376,0.6061,0,0,0,0,0,0,1,0,0,1,0,0,0,0,0,0,0,0,0,1,14086,801,11.3,0.6,98822
37,NORTH CAROLINA,NC,Rowan,37159,"Rowan County, North Carolina",511.4783245,139605,0,61329,221,52301,829,22386,1925,5106,509,25117,754,14118,970,23456,117,31464,0,21389,948,5051,563,38547,90,2758,434,2454,322,10115,603,1206,251,3023,399,4380,537,16.5,1.4,7.7,0.8,25117.0,754.0,14.7,1.0,16.8,0.1,22.5,0.0,15.6,0.7,9.7,1.1,27.6,0.1,2.1,0.3,4.0,0.5,16.5,1.0,2.3,0.5,5.8,0.7,3.1,0.4,0.4545,0.6465,0.4242,0.4646,1.9898,0.5152,0.2828,0.697,0.3131,0.6162,1.9091,0.4343,0.4646,0.7071,1.1717,0.6061,0.7576,0.3333,0.5051,0.4848,0.6768,2.7576,0.6768,7.8282,0.6162,0,0,0,0,0,0,0,0,0,0,0,0,0,0,0,0,0,0,0,0,16794,1133,12.2,0.8,125897
37,NORTH CAROLINA,NC,Surry,37171,"Surry County, North Carolina",533.7419472,72099,0,34030,90,28985,458,11978,1055,1422,229,23957,1012,10995,677,14189,110,15603,0,14444,809,1754,224,11381,27,1347,310,863,148,8366,541,672,160,1965,232,1005,219,16.9,1.5,4.4,0.7,23957.0,1012.0,21.7,1.3,19.7,0.2,21.6,0.0,20.3,1.1,6.1,0.8,15.8,0.0,2.0,0.5,2.5,0.4,24.6,1.6,2.3,0.6,6.8,0.8,1.4,0.3,0.5051,0.0606,0.5556,0.9192,2.0405,0.5455,0.6364,0.5455,0.8283,0.1515,2.1617,0.6667,0.2525,0.6768,0.9293,0.4545,0.5556,0.7172,0.5051,0.6162,0.3131,2.7072,0.6364,7.8387,0.6263,0,0,0,1,1,0,0,0,0,0,0,0,0,0,0,0,0,0,0,1,9132,788,12.8,1.1,69830
37,NORTH CAROLINA,NC,Martin,37117,"Martin County, North Carolina",456.4247503,23054,0,11608,52,9471,306,4172,548,1134,284,23269,1889,2767,281,5030,64,4775,35,4436,403,997,201,11051,17,114,100,84,72,2532,325,73,62,703,194,145,56,18.2,2.4,10.9,2.7,23269.0,1889.0,16.7,1.7,21.8,0.3,20.7,0.2,19.4,1.7,10.5,2.1,47.9,0.1,0.5,0.5,0.7,0.6,21.8,2.8,0.8,0.7,7.4,2.0,0.6,0.2,0.6364,0.9495,0.6465,0.6263,2.8587,0.7576,0.7677,0.404,0.7576,0.7374,2.6667,0.899,0.7778,0.0808,0.8586,0.404,0.1313,0.5758,0.0303,0.6869,0.0505,1.4748,0.0909,7.8588,0.6364,0,1,0,0,1,0,0,0,0,0,0,0,0,0,0,0,0,0,0,1,2389,411,10.4,1.8,21111
37,NORTH CAROLINA,NC,Craven,37049,"Craven County, North Carolina",706.5964617,103082,0,46911,324,40871,625,14915,1695,3513,567,28007,872,7957,589,18543,116,22768,69,15960,860,3657,425,35120,61,2195,455,2307,322,6393,524,946,215,2756,361,5081,714,15.3,1.7,8.0,1.2,28007.0,872.0,11.8,0.9,18.0,0.1,22.1,0.1,16.8,0.9,8.9,1.0,34.1,0.1,2.3,0.5,4.9,0.7,13.6,1.1,2.3,0.5,6.7,0.9,4.9,0.7,0.3333,0.7172,0.2323,0.2626,1.5454,0.3535,0.4444,0.6162,0.4949,0.5253,2.0808,0.6162,0.5455,0.7677,1.3132,0.7576,0.8182,0.1818,0.5051,0.6061,0.8182,2.9294,0.7172,7.8688,0.6465,0,0,0,0,0,0,0,0,0,0,0,0,0,0,0,0,0,0,0,0,10882,1067,11.4,1.1,99325
37,NORTH CAROLINA,NC,McDowell,37111,"McDowell County, North Carolina",439.9545521,45109,0,21297,109,17961,434,7543,1156,1143,267,22725,1333,5283,555,8795,104,9276,33,9348,759,1608,259,5647,253,502,214,248,84,6643,482,488,154,1041,229,1131,241,17.1,2.6,5.8,1.4,22725.0,1333.0,16.2,1.7,19.5,0.2,20.6,0.1,21.1,1.7,9.0,1.4,12.5,0.6,1.2,0.5,1.2,0.4,31.2,2.2,2.7,0.9,5.8,1.3,2.5,0.5,0.5253,0.2828,0.7273,0.5859,2.1213,0.5758,0.6162,0.3636,0.899,0.5455,2.4243,0.8283,0.1414,0.404,0.5454,0.1818,0.2424,0.8889,0.7677,0.4848,0.5859,2.9697,0.7475,8.0607,0.6566,0,0,0,0,0,0,0,0,0,0,0,0,0,0,0,0,0,0,0,0,5045,607,11.4,1.4,40141
37,NORTH CAROLINA,NC,Pitt,37147,"Pitt County, North Carolina",652.3656987,177372,0,78563,164,69169,777,40737,2281,8444,885,25722,689,11323,683,21939,125,38485,0,22494,1136,7268,674,80373,529,2217,427,11317,1014,9528,699,1591,289,5542,574,6597,372,23.9,1.3,9.2,0.9,25722.0,689.0,10.6,0.6,12.4,0.1,21.7,0.0,12.8,0.6,10.5,1.0,45.3,0.3,1.3,0.3,14.4,1.3,12.1,0.9,2.3,0.4,8.0,0.8,3.7,0.2,0.8687,0.8586,0.3939,0.1616,2.2828,0.6162,0.0808,0.596,0.101,0.7374,1.5152,0.101,0.7374,0.4343,1.1717,0.6061,0.9495,0.1414,0.5051,0.7778,0.7475,3.1213,0.8384,8.091,0.6667,0,0,0,0,0,0,0,0,0,0,0,0,0,1,0,0,0,0,1,1,19292,1195,10.9,0.7,161454
37,NORTH CAROLINA,NC,Nash,37127,"Nash County, North Carolina",540.4423413,94003,0,42876,162,36720,529,14269,1441,2892,502,26980,969,9439,689,16294,103,21019,0,15142,797,4022,491,46647,38,1206,344,1110,294,8242,563,1005,250,2907,375,2077,393,15.5,1.6,6.3,1.1,26980.0,969.0,14.6,1.1,17.3,0.1,22.4,0.0,16.3,0.9,11.0,1.3,49.6,0.0,1.4,0.4,2.6,0.7,19.2,1.3,2.7,0.7,7.9,1.0,2.2,0.4,0.3535,0.404,0.2727,0.4444,1.4746,0.303,0.3838,0.6566,0.4444,0.8283,2.3131,0.7576,0.8182,0.4949,1.3131,0.7475,0.5859,0.4545,0.7677,0.7677,0.5455,3.1213,0.8384,8.2221,0.6768,0,0,0,0,0,0,0,0,0,0,0,0,0,0,0,0,0,0,0,0,9402,849,10.1,0.9,91606
37,NORTH CAROLINA,NC,Swain,37173,"Swain County, North Carolina",527.7282515,14254,0,8951,48,5443,270,2436,496,420,200,20984,1936,2141,298,2731,74,3196,0,2613,292,418,107,5386,19,35,78,46,31,2451,264,141,66,286,96,281,109,17.3,3.5,6.9,3.2,20984.0,1936.0,21.7,3.1,19.2,0.5,22.4,0.0,18.6,2.1,7.7,1.9,37.8,0.1,0.3,0.6,0.5,0.4,27.4,2.9,2.6,1.2,5.3,1.8,2.0,0.8,0.5354,0.5455,0.8384,0.9192,2.8385,0.7475,0.5657,0.6566,0.697,0.3333,2.2526,0.7374,0.6162,0.0404,0.6566,0.2525,0.0606,0.8586,0.7071,0.3838,0.5152,2.5253,0.5051,8.273,0.6869,0,0,0,1,1,0,0,0,0,0,0,0,0,0,0,0,0,0,0,1,3031,424,21.5,3.0,17326
37,NORTH CAROLINA,NC,Cleveland,37045,"Cleveland County, North Carolina",464.2063373,97159,0,43579,142,36882,556,19262,1609,4004,491,21920,900,10650,840,17418,92,21452,76,15736,846,3613,452,26192,242,493,194,1327,257,8420,543,758,214,2886,410,1679,247,20.2,1.7,9.2,1.1,21920.0,900.0,16.0,1.3,17.9,0.1,22.1,0.1,16.2,0.9,9.8,1.2,27.0,0.2,0.5,0.2,3.0,0.6,19.3,1.2,2.1,0.6,7.8,1.1,1.7,0.3,0.7475,0.8586,0.7879,0.5657,2.9597,0.7879,0.4343,0.6162,0.4343,0.6465,2.1313,0.6566,0.4242,0.0808,0.505,0.1414,0.6364,0.4646,0.3939,0.7475,0.4646,2.707,0.6263,8.303,0.697,0,0,0,0,0,0,0,0,0,0,0,0,0,0,0,0,0,0,0,0,11959,949,12.3,1.0,86904
37,NORTH CAROLINA,NC,Chowan,37041,"Chowan County, North Carolina",172.6570649,14205,0,7301,62,5984,285,2715,679,664,224,24084,1948,1682,368,3322,44,3001,79,2183,327,607,185,5710,49,0,76,163,90,1597,298,85,84,611,196,265,146,19.6,4.9,11.0,3.7,24084.0,1948.0,16.0,3.5,23.4,0.3,21.1,0.6,15.7,2.3,10.1,3.1,40.2,0.3,0.0,0.6,2.2,1.2,21.9,4.1,1.4,1.4,10.2,3.2,1.9,1.0,0.697,0.9596,0.5253,0.5657,2.7476,0.697,0.8081,0.4747,0.3333,0.7071,2.3232,0.7677,0.6566,0.0,0.6566,0.2525,0.5152,0.5859,0.1515,0.9091,0.4848,2.6465,0.5758,8.3739,0.7071,0,1,0,0,1,0,0,0,0,0,0,0,0,0,0,0,1,0,1,2,1655,369,11.9,2.7,13239
37,NORTH CAROLINA,NC,Lee,37105,"Lee County, North Carolina",255.0618414,60125,0,24463,79,21744,391,9538,993,2268,332,23842,860,6663,484,9498,69,14870,35,9052,628,2115,317,25224,80,2709,439,859,206,3531,372,562,154,1245,207,943,196,16.1,1.7,7.9,1.1,23842.0,860.0,16.6,1.2,15.8,0.1,24.7,0.1,15.3,1.1,9.7,1.4,42.0,0.1,4.8,0.8,3.5,0.8,14.4,1.5,2.6,0.7,5.7,0.9,1.6,0.3,0.4343,0.6768,0.5758,0.6061,2.293,0.6263,0.2121,0.9293,0.2727,0.6162,2.0303,0.6061,0.697,0.9495,1.6465,0.9091,0.7071,0.2525,0.7071,0.4545,0.3838,2.505,0.4949,8.4748,0.7172,0,0,0,0,0,0,1,0,0,1,0,1,1,0,0,0,0,0,0,2,8307,792,14.1,1.3,61076
37,NORTH CAROLINA,NC,Caswell,37033,"Caswell County, North Carolina",425.3657552,22746,0,10778,89,9110,283,4273,615,698,207,22982,1314,3424,357,4590,15,4311,28,4008,375,535,158,8833,23,227,136,151,73,2904,293,177,92,891,184,1046,207,19.6,2.8,6.8,1.9,22982.0,1314.0,20.5,2.1,20.2,0.1,19.0,0.1,18.3,1.7,5.9,1.7,38.8,0.1,1.0,0.6,1.4,0.7,26.9,2.7,1.9,1.0,9.8,2.0,4.6,0.9,0.697,0.5152,0.6869,0.8586,2.7577,0.7071,0.6869,0.2222,0.6364,0.1212,1.6667,0.2121,0.6364,0.303,0.9394,0.4747,0.3232,0.8384,0.3232,0.8687,0.7879,3.1414,0.8687,8.5052,0.7273,0,0,0,0,0,0,0,0,0,0,0,0,0,0,0,0,0,0,0,0,1974,328,9.0,1.5,15537
37,NORTH CAROLINA,NC,Cumberland,37051,"Cumberland County, North Carolina",652.5607505,332106,0,145839,504,124418,820,57620,2237,12513,827,24301,393,19001,899,37300,37,82520,0,51395,1420,14690,685,185962,176,4618,514,16003,709,13122,476,2323,285,8127,441,15325,1252,18.2,0.7,9.0,0.6,24301.0,393.0,9.3,0.4,11.2,0.1,24.8,0.0,17.0,0.5,11.8,0.5,56.0,0.1,1.5,0.2,11.0,0.5,9.0,0.3,1.9,0.2,6.5,0.4,4.6,0.4,0.6364,0.8182,0.4848,0.0808,2.0202,0.5354,0.0404,0.9394,0.5354,0.8687,2.3839,0.8081,0.8889,0.5556,1.4445,0.8283,0.9091,0.1111,0.3232,0.596,0.7879,2.7273,0.6465,8.5759,0.7374,0,0,0,0,0,0,1,0,0,1,0,0,0,1,0,0,0,0,1,2,30795,1323,10.2,0.4,324968
37,NORTH CAROLINA,NC,Burke,37023,"Burke County, North Carolina",506.2364319,89712,0,41092,170,34672,622,15720,1328,3728,571,23466,1099,12258,784,17196,86,17402,0,17831,1012,2950,419,16443,85,1343,263,618,153,10634,615,1192,248,1754,270,2888,404,18.1,1.5,8.9,1.3,23466.0,1099.0,19.1,1.2,19.2,0.1,19.4,0.0,20.4,1.2,8.5,1.2,18.3,0.1,1.6,0.3,1.5,0.4,25.9,1.5,3.4,0.7,5.1,0.8,3.2,0.5,0.6162,0.7879,0.6364,0.7374,2.7779,0.7273,0.5657,0.2828,0.8384,0.4949,2.1818,0.6768,0.303,0.596,0.899,0.4343,0.3535,0.7879,0.899,0.3333,0.6869,3.0606,0.8081,8.9193,0.7475,0,0,0,0,0,0,0,0,0,0,0,0,0,0,0,0,0,0,0,0,10725,988,12.3,1.1,79997
37,NORTH CAROLINA,NC,Tyrrell,37177,"Tyrrell County, North Carolina",390.7753473,4119,0,2229,189,1631,184,863,240,88,52,18682,1802,809,146,876,140,530,119,809,161,108,60,1922,226,33,56,0,17,676,131,29,29,149,73,702,169,25.2,6.8,5.3,3.2,18682.0,1802.0,24.5,4.1,21.3,3.4,12.9,2.9,23.6,4.6,6.6,3.6,46.7,5.5,0.8,1.4,0.0,0.8,30.3,5.7,1.8,1.8,9.1,4.3,17.0,4.1,0.9293,0.1818,0.9596,0.9798,3.0505,0.8182,0.7576,0.0,0.9798,0.2121,1.9495,0.5354,0.7677,0.2323,1.0,0.5051,0.0,0.8788,0.2929,0.8283,0.9899,2.9899,0.7778,8.9899,0.7576,1,0,1,1,3,0,0,1,0,1,0,0,0,0,0,0,0,1,1,5,560,169,16.4,4.9,4012
37,NORTH CAROLINA,NC,Hyde,37095,"Hyde County, North Carolina",612.3328186,5393,0,3249,181,1769,178,1062,425,231,117,18433,2045,709,180,887,150,1165,119,673,197,189,112,2215,228,122,102,18,34,546,188,75,68,20,27,655,167,22.3,9.0,10.4,5.4,18433.0,2045.0,18.4,4.5,16.4,2.8,21.6,2.2,14.1,4.1,10.7,6.2,41.1,4.2,2.4,2.0,0.6,1.1,16.8,5.7,4.2,3.8,1.1,1.5,12.1,3.1,0.798,0.9394,0.9697,0.6667,3.3738,0.9192,0.2525,0.5455,0.1616,0.8081,1.7677,0.3434,0.6768,0.7879,1.4647,0.8485,0.101,0.3535,0.9697,0.0,0.9798,2.404,0.4444,9.0102,0.7677,0,1,1,0,2,0,0,0,0,0,0,0,0,0,0,1,0,1,2,4,753,222,15.8,4.6,5216
37,NORTH CAROLINA,NC,Montgomery,37123,"Montgomery County, North Carolina",491.5242399,27338,0,16235,131,10411,385,5178,1074,527,171,22760,1767,3933,422,5257,63,6225,32,3906,392,929,224,10042,48,1037,277,75,43,3737,434,452,180,620,166,1167,305,19.7,4.1,4.8,1.5,22760.0,1767.0,20.7,2.2,19.2,0.2,22.8,0.1,14.9,1.5,8.9,2.1,36.7,0.2,4.0,1.1,0.5,0.3,23.0,2.7,4.3,1.7,6.0,1.6,4.3,1.1,0.7172,0.1212,0.7071,0.8788,2.4243,0.6364,0.5657,0.7576,0.2323,0.5253,2.0809,0.6263,0.5859,0.9293,1.5152,0.8687,0.0606,0.6465,0.9798,0.5253,0.7778,2.99,0.7879,9.0104,0.7778,0,0,0,0,0,0,0,0,0,0,0,1,1,0,0,1,0,0,1,2,3552,467,13.5,1.8,25452
37,NORTH CAROLINA,NC,Hoke,37093,"Hoke County, North Carolina",390.1176214,53239,0,20709,171,17722,323,10823,936,1888,330,20656,721,4769,610,4819,80,14850,0,8401,630,2084,292,31774,65,1448,300,143,83,4120,285,398,124,936,179,1509,486,21.0,1.8,9.1,1.6,20656.0,721.0,14.0,1.8,9.1,0.2,27.9,0.0,17.1,1.2,11.8,1.6,59.7,0.1,3.0,0.6,0.7,0.4,19.9,1.4,2.2,0.7,5.3,1.0,2.8,0.9,0.7576,0.8485,0.8687,0.404,2.8788,0.7778,0.0101,1.0,0.5455,0.8687,2.4243,0.8283,0.9192,0.8687,1.7879,0.9495,0.1313,0.4848,0.4545,0.3838,0.6364,2.0908,0.2727,9.1818,0.7879,0,0,0,0,0,0,1,0,0,1,1,0,1,0,0,0,0,0,0,2,6307,733,12.8,1.5,37261
37,NORTH CAROLINA,NC,Jones,37103,"Jones County, North Carolina",471.3675927,9695,0,4958,30,4137,134,2526,336,381,109,21539,1661,1337,248,2053,7,1843,38,2405,217,300,85,3654,17,103,87,52,24,1628,159,107,64,299,81,123,33,26.2,3.5,8.9,2.5,21539.0,1661.0,18.4,3.4,21.2,0.1,19.0,0.4,25.0,2.3,7.3,2.1,37.7,0.2,1.1,0.9,1.0,0.5,32.8,3.2,2.6,1.6,7.2,2.0,1.3,0.3,0.9697,0.7879,0.798,0.6667,3.2223,0.8586,0.7475,0.2222,1.0,0.2929,2.2626,0.7475,0.6061,0.3737,0.9798,0.4949,0.2121,0.9394,0.7071,0.6566,0.2626,2.7778,0.697,9.2425,0.798,1,0,0,0,1,0,0,1,0,1,0,0,0,0,1,0,0,0,1,3,1495,202,15.5,2.1,7785
37,NORTH CAROLINA,NC,Warren,37185,"Warren County, North Carolina",429.1187586,20033,0,11948,95,7780,303,3663,522,724,179,22461,1741,2813,300,4736,25,3691,13,3845,296,613,156,12357,23,148,146,142,60,3798,326,83,60,784,175,978,222,19.2,2.7,9.0,2.1,22461.0,1741.0,19.5,2.1,23.6,0.1,18.4,0.1,20.1,1.5,7.9,2.0,61.7,0.1,0.8,0.8,1.2,0.5,31.8,2.7,1.1,0.8,10.1,2.2,4.9,1.1,0.6566,0.8182,0.7475,0.7475,2.9698,0.798,0.8283,0.1717,0.8081,0.3737,2.1818,0.6768,0.9596,0.2323,1.1919,0.6263,0.2424,0.9192,0.0808,0.899,0.8182,2.9596,0.7374,9.3031,0.8081,0,0,0,0,0,0,0,0,0,0,1,0,1,0,1,0,0,0,1,2,2506,411,13.1,2.1,16336
37,NORTH CAROLINA,NC,Northampton,37131,"Northampton County, North Carolina",536.6423594,20186,0,11670,49,8628,315,4216,607,541,132,20538,1193,3088,272,4901,41,3627,7,4045,384,955,219,12381,23,113,101,67,41,2621,314,65,42,938,157,835,111,21.9,3.1,7.0,1.6,20538.0,1193.0,20.5,1.8,24.3,0.2,18.0,0.0,20.9,2.0,11.1,2.5,61.3,0.1,0.6,0.5,0.6,0.4,22.5,2.7,0.8,0.5,10.9,1.7,4.1,0.5,0.7879,0.5657,0.8788,0.8586,3.091,0.8283,0.8889,0.1212,0.8889,0.8384,2.7374,0.9495,0.9394,0.1212,1.0606,0.5758,0.101,0.6263,0.0303,0.9394,0.7677,2.4647,0.4848,9.3537,0.8182,0,0,0,0,0,0,0,0,0,0,1,0,1,0,0,0,1,0,1,2,2887,427,14.9,2.2,17802
37,NORTH CAROLINA,NC,Washington,37187,"Washington County, North Carolina",346.5096349,12156,0,6458,37,5073,269,2808,429,359,171,21043,2285,1683,287,2774,10,2479,0,2764,337,702,190,6752,56,12,70,92,67,1542,288,57,63,613,179,157,60,23.5,3.6,7.5,3.3,21043.0,2285.0,20.1,3.3,22.8,0.1,20.4,0.0,23.0,2.8,13.8,3.7,55.5,0.5,0.1,0.6,1.4,1.0,23.9,4.5,1.1,1.3,12.1,3.4,1.3,0.5,0.8384,0.6364,0.8182,0.8182,3.1112,0.8384,0.7778,0.3333,0.9495,0.9697,3.0303,0.9899,0.8788,0.0101,0.8889,0.4141,0.3232,0.6869,0.0808,1.0,0.2626,2.3535,0.4343,9.3839,0.8283,0,0,0,0,0,0,0,1,1,2,0,0,0,0,0,0,1,0,1,3,1423,334,11.9,2.8,10395
37,NORTH CAROLINA,NC,Wilson,37195,"Wilson County, North Carolina",367.5740403,81336,0,36005,108,32128,440,17141,1396,3044,427,24273,921,10880,714,13809,105,19013,59,12604,855,3967,365,42950,361,1504,337,1014,209,4873,322,1015,211,3065,354,1549,257,21.5,1.8,8.0,1.1,24273.0,921.0,19.7,1.3,17.0,0.1,23.4,0.1,15.7,1.1,12.3,1.1,52.8,0.4,2.0,0.4,2.8,0.6,13.5,0.9,3.2,0.7,9.5,1.1,1.9,0.3,0.7778,0.7172,0.4949,0.7778,2.7677,0.7172,0.3232,0.8182,0.3333,0.899,2.3737,0.7879,0.8485,0.6768,1.5253,0.8788,0.6061,0.1717,0.8687,0.8485,0.4848,2.9798,0.7576,9.6465,0.8384,0,0,0,0,0,0,0,0,0,0,0,0,0,0,0,0,0,0,0,0,10276,882,12.8,1.1,85489
37,NORTH CAROLINA,NC,Wayne,37191,"Wayne County, North Carolina",553.9167022,124002,0,54074,141,48153,588,25847,1810,4418,494,24124,967,13051,867,19322,188,29609,0,19818,1151,5910,508,57362,120,4889,618,1893,285,13379,681,1175,228,4072,485,3054,341,21.4,1.5,7.8,0.8,24124.0,967.0,15.9,1.1,15.6,0.2,23.9,0.0,16.5,0.9,12.3,1.0,46.3,0.1,4.2,0.5,3.5,0.5,24.7,1.3,2.4,0.5,8.5,1.0,2.5,0.3,0.7677,0.6566,0.5152,0.5455,2.485,0.6566,0.1919,0.8687,0.4646,0.899,2.4242,0.8182,0.7576,0.9394,1.697,0.9293,0.7071,0.7273,0.596,0.8081,0.5859,3.4244,0.9293,10.0306,0.8485,0,0,0,0,0,0,0,0,0,0,0,1,1,0,0,0,0,0,0,1,15791,1040,13.2,0.9,110834
37,NORTH CAROLINA,NC,Columbus,37047,"Columbus County, North Carolina",938.1160101,56293,0,26250,140,22306,377,12666,1108,1487,284,22081,1488,7262,544,10792,127,12179,82,10692,650,2371,349,22896,117,866,311,236,118,8234,502,529,160,1775,316,2991,250,23.8,2.1,7.0,1.3,22081.0,1488.0,18.4,1.4,19.2,0.2,21.6,0.1,20.0,1.2,10.6,1.6,40.7,0.2,1.6,0.6,0.9,0.4,31.4,1.9,2.4,0.7,8.0,1.4,5.3,0.4,0.8586,0.5657,0.7677,0.6667,2.8587,0.7576,0.5657,0.5455,0.798,0.7677,2.6769,0.9192,0.6667,0.596,1.2627,0.697,0.1616,0.9091,0.596,0.7778,0.8384,3.2829,0.8788,10.0812,0.8586,0,0,0,0,0,0,0,0,0,0,0,0,0,0,1,0,0,0,1,1,7325,745,13.7,1.4,50522
37,NORTH CAROLINA,NC,Anson,37007,"Anson County, North Carolina",531.4609617,25306,0,11594,231,9516,350,4647,670,1139,299,20124,1215,3522,413,4343,30,4936,158,4195,371,921,195,14018,10,324,174,132,86,2929,363,283,106,978,236,1838,568,19.8,2.9,9.9,2.6,20124.0,1215.0,19.5,2.3,17.2,0.1,19.5,0.6,17.8,1.6,9.7,2.0,55.4,0.0,1.3,0.7,1.1,0.7,25.3,3.1,3.0,1.1,10.3,2.4,7.3,2.2,0.7273,0.9293,0.9091,0.7475,3.3132,0.8889,0.3737,0.3131,0.596,0.6162,1.899,0.4242,0.8687,0.4343,1.303,0.7374,0.2323,0.7475,0.8586,0.9192,0.899,3.6566,0.9596,10.1718,0.8687,0,1,1,0,2,0,0,0,0,0,0,0,0,0,0,0,1,0,1,3,2873,450,12.2,1.9,21664
37,NORTH CAROLINA,NC,Bertie,37015,"Bertie County, North Carolina",699.1761225,19644,0,9841,108,7976,367,4207,663,990,321,20430,1478,3095,346,4125,29,3508,50,3902,320,675,169,12909,58,72,90,34,25,3607,340,197,104,702,167,1388,225,23.0,3.6,11.7,3.7,20430.0,1478.0,21.3,2.4,21.0,0.1,17.9,0.3,21.3,1.7,8.5,2.1,65.7,0.3,0.4,0.5,0.3,0.3,36.7,3.4,2.5,1.3,8.8,2.0,7.1,1.1,0.8081,0.9798,0.8889,0.899,3.5758,0.9495,0.7172,0.1111,0.9091,0.4949,2.2323,0.7071,0.9798,0.0606,1.0404,0.5657,0.0303,0.9596,0.6465,0.8182,0.8889,3.3435,0.899,10.192,0.8788,0,1,0,0,1,0,0,1,0,1,1,0,1,0,1,0,0,0,1,4,1912,340,10.4,1.8,17509
37,NORTH CAROLINA,NC,Bladen,37017,"Bladen County, North Carolina",874.8637816,33778,0,17877,89,13968,421,8649,1046,978,241,20803,1565,4798,439,6752,44,7125,0,6850,438,1556,264,15312,20,524,258,159,70,6624,399,334,127,1455,297,479,171,26.0,3.2,7.1,1.6,20803.0,1565.0,19.9,1.8,20.0,0.1,21.1,0.0,20.5,1.3,11.1,1.9,45.3,0.1,1.6,0.8,0.9,0.4,37.1,2.2,2.4,0.9,10.4,2.1,1.4,0.5,0.9596,0.596,0.8485,0.798,3.2021,0.8485,0.6667,0.4747,0.8687,0.8384,2.8485,0.9697,0.7374,0.596,1.3334,0.7778,0.1616,0.9798,0.596,0.9293,0.3131,2.9798,0.7576,10.3638,0.8889,1,0,0,0,1,0,0,0,0,0,0,0,0,0,1,0,1,0,2,3,4697,610,14.0,1.8,31817
37,NORTH CAROLINA,NC,Halifax,37083,"Halifax County, North Carolina",723.7356812,51737,0,25919,160,21116,479,12684,1068,1851,278,21016,1144,8203,528,10103,29,11175,0,9699,557,2598,292,31800,29,236,171,801,206,5686,434,329,111,2442,300,1430,339,25.2,2.1,8.7,1.3,21016.0,1144.0,22.5,1.4,19.5,0.1,21.6,0.0,19.2,1.1,12.3,1.4,61.5,0.1,0.5,0.3,3.1,0.8,21.9,1.7,1.6,0.5,11.6,1.4,2.8,0.7,0.9293,0.7778,0.8283,0.9495,3.4849,0.9394,0.6162,0.5455,0.7475,0.899,2.8082,0.9596,0.9495,0.0808,1.0303,0.5556,0.6667,0.5859,0.1818,0.9697,0.6364,3.0405,0.798,10.3639,0.899,1,0,0,1,2,0,0,0,0,0,1,0,1,0,0,0,1,0,1,4,5735,633,11.4,1.2,45372
37,NORTH CAROLINA,NC,Edgecombe,37065,"Edgecombe County, North Carolina",505.4329096,53332,0,24945,108,21371,351,12423,1086,1868,309,20055,1070,7438,577,9789,47,12202,0,8854,708,3423,431,33938,39,490,198,626,167,5961,351,732,202,2399,401,771,168,23.6,2.1,7.9,1.3,20055.0,1070.0,20.3,1.6,18.4,0.1,22.9,0.0,16.8,1.4,16.0,2.0,63.6,0.1,1.0,0.4,2.5,0.7,23.9,1.4,3.4,0.9,11.2,1.8,1.4,0.3,0.8485,0.6768,0.9192,0.8384,3.2829,0.8788,0.4545,0.7778,0.4949,1.0,2.7272,0.9394,0.9697,0.303,1.2727,0.7071,0.5556,0.6869,0.899,0.9495,0.3131,3.4041,0.9192,10.6869,0.9091,0,0,1,0,1,0,0,0,1,1,1,0,1,0,0,0,1,0,1,4,5903,557,11.2,1.1,47072
37,NORTH CAROLINA,NC,Richmond,37153,"Richmond County, North Carolina",473.7033901,45189,0,21380,102,18546,380,10503,1065,1841,314,20745,870,6035,587,7692,87,10458,75,8034,650,2424,367,19288,2,912,224,256,92,5574,437,478,182,1719,258,1439,229,24.1,2.4,9.6,1.6,20745.0,870.0,19.7,1.9,17.0,0.2,23.1,0.2,18.3,1.5,13.1,2.0,42.7,0.0,2.2,0.5,1.2,0.4,26.1,2.0,2.6,1.0,9.3,1.4,3.2,0.5,0.8889,0.899,0.8586,0.7778,3.4243,0.9293,0.3232,0.798,0.6364,0.9596,2.7172,0.9293,0.7071,0.7273,1.4344,0.8182,0.2424,0.8081,0.7071,0.8384,0.6869,3.2829,0.8788,10.8588,0.9192,0,0,0,0,0,0,0,0,1,1,0,0,0,0,0,0,0,0,0,1,5529,626,12.6,1.4,43661
37,NORTH CAROLINA,NC,Vance,37181,"Vance County, North Carolina",252.3979743,44482,0,20117,125,16854,453,10451,1422,1917,303,23211,2895,5998,582,7746,72,10601,43,7946,605,2412,308,26681,39,561,206,338,123,4808,437,576,168,1955,362,800,282,23.9,3.2,9.3,1.5,23211.0,2895.0,20.0,1.9,17.4,0.2,23.8,0.1,18.0,1.4,14.3,1.8,60.0,0.1,1.3,0.5,1.7,0.6,23.9,2.2,3.4,1.0,11.6,2.1,1.8,0.6,0.8687,0.8788,0.6667,0.8081,3.2223,0.8586,0.404,0.8485,0.6162,0.9798,2.8485,0.9697,0.9293,0.4343,1.3636,0.7879,0.4444,0.6869,0.899,0.9697,0.4747,3.4747,0.9394,10.9091,0.9293,0,0,0,0,0,0,0,0,1,1,1,0,1,0,0,0,1,0,1,3,4621,584,10.5,1.3,42442
37,NORTH CAROLINA,NC,Sampson,37163,"Sampson County, North Carolina",945.701804,63561,0,27610,131,23537,500,15084,1262,2458,363,21950,1130,9492,601,10866,106,15660,0,11793,814,2325,352,30992,29,3800,580,163,45,10152,468,843,231,1809,296,1006,309,24.1,2.0,8.5,1.2,21950.0,1130.0,22.3,1.4,17.1,0.2,24.6,0.0,18.7,1.3,9.9,1.5,48.8,0.0,6.4,1.0,0.6,0.2,36.8,1.7,3.6,1.0,7.7,1.2,1.6,0.5,0.8889,0.7576,0.7778,0.9394,3.3637,0.9091,0.3434,0.9192,0.7071,0.6667,2.6364,0.8889,0.798,0.9899,1.7879,0.9495,0.101,0.9697,0.9394,0.7273,0.3838,3.1212,0.8283,10.9092,0.9394,0,0,0,1,1,0,1,0,0,1,0,1,1,0,1,1,0,0,2,5,9732,815,15.5,1.3,52925
37,NORTH CAROLINA,NC,Duplin,37061,"Duplin County, North Carolina",814.7371457,59062,0,25876,91,21781,469,14056,1394,2419,404,19455,737,10317,689,10229,132,14388,121,11415,692,2012,345,28492,29,3898,520,410,149,9346,601,1000,230,1617,283,471,162,24.1,2.4,9.0,1.4,19455.0,737.0,25.8,1.7,17.3,0.2,24.4,0.2,19.5,1.2,9.2,1.6,48.2,0.0,7.0,0.9,1.6,0.6,36.1,2.3,4.6,1.1,7.4,1.3,0.8,0.3,0.8889,0.8182,0.9293,0.9899,3.6263,0.9596,0.3838,0.8889,0.7677,0.5657,2.6061,0.8788,0.7879,1.0,1.7879,0.9495,0.404,0.9495,1.0,0.6869,0.0909,3.1313,0.8586,11.1516,0.9495,0,0,1,1,2,0,0,0,0,0,0,1,1,0,1,1,0,0,2,5,10488,808,17.9,1.4,50750
37,NORTH CAROLINA,NC,Hertford,37091,"Hertford County, North Carolina",353.1633781,24153,0,10632,100,8899,260,5125,512,1145,268,18918,811,3477,363,4532,30,4632,24,4878,396,1091,176,16075,23,232,104,253,117,2780,238,206,70,878,161,2206,231,23.4,2.3,11.0,2.6,18918.0,811.0,20.8,2.2,18.8,0.1,19.2,0.1,21.5,1.7,12.3,2.0,66.6,0.1,1.0,0.5,2.4,1.1,26.1,2.2,2.3,0.8,9.9,1.7,9.1,1.0,0.8283,0.9596,0.9495,0.8889,3.6263,0.9596,0.4848,0.2525,0.9293,0.899,2.5656,0.8687,0.9899,0.303,1.2929,0.7273,0.5455,0.8081,0.5051,0.8788,0.9394,3.6769,0.9697,11.1617,0.9596,0,1,1,0,2,0,0,1,0,1,1,0,1,0,0,0,0,1,1,5,2789,405,12.3,1.8,24421
37,NORTH CAROLINA,NC,Scotland,37165,"Scotland County, North Carolina",319.1403591,35262,0,15295,118,13113,229,9030,645,1727,261,18242,717,4771,384,5960,32,8110,39,5957,413,1958,205,19886,7,205,110,404,87,3599,232,577,152,1504,185,2595,286,27.7,2.0,12.5,1.8,18242.0,717.0,20.2,1.6,16.9,0.1,23.0,0.1,17.9,1.2,14.9,1.5,56.4,0.0,0.6,0.3,2.6,0.6,23.5,1.5,4.4,1.2,11.5,1.4,7.4,0.8,0.9899,1.0,0.9899,0.8283,3.8081,0.9899,0.2929,0.7879,0.6061,0.9899,2.6768,0.9091,0.899,0.1212,1.0202,0.5455,0.5859,0.6566,0.9899,0.9596,0.9091,4.1011,1.0,11.6062,0.9697,1,1,1,0,3,0,0,0,1,1,0,0,0,0,0,1,1,1,3,7,3844,457,11.6,1.4,36132
37,NORTH CAROLINA,NC,Lenoir,37107,"Lenoir County, North Carolina",399.0866184,57227,0,27550,151,23121,504,12844,1064,3274,448,22361,1334,7800,727,10956,164,12917,56,13367,889,2728,367,28933,29,1179,295,990,185,6497,447,576,201,2705,310,1359,356,23.0,1.9,12.3,1.6,22361.0,1334.0,19.6,1.8,19.1,0.3,22.6,0.1,23.8,1.6,11.8,1.6,50.6,0.1,2.2,0.5,3.6,0.7,23.6,1.6,2.5,0.9,11.7,1.3,2.4,0.6,0.8081,0.9899,0.7576,0.7677,3.3233,0.899,0.5253,0.7374,0.9899,0.8687,3.1213,1.0,0.8283,0.7273,1.5556,0.8889,0.7374,0.6667,0.6465,0.9899,0.5657,3.6062,0.9495,11.6064,0.9798,0,1,0,0,1,0,0,1,0,1,0,0,0,0,0,0,1,0,1,3,7434,676,13.3,1.2,56733
37,NORTH CAROLINA,NC,Robeson,37155,"Robeson County, North Carolina",947.2764276,133442,0,53065,191,45969,349,36504,1387,4240,446,17881,526,19647,595,18955,98,33903,0,21746,683,5941,362,99430,74,2684,292,903,143,20342,514,1641,199,4530,338,3402,490,28.1,1.1,8.1,0.8,17881.0,526.0,22.9,0.7,14.2,0.1,25.4,0.0,16.5,0.5,12.9,0.8,74.5,0.1,2.2,0.2,1.7,0.3,38.3,1.0,3.6,0.4,9.9,0.7,2.5,0.4,1.0,0.7374,1.0,0.9596,3.697,0.9798,0.1212,0.9495,0.4646,0.9495,2.4848,0.8586,1.0,0.7273,1.7273,0.9394,0.4444,0.9899,0.9394,0.8788,0.5859,3.8384,0.9899,11.7475,0.9899,1,0,1,1,3,0,1,0,1,2,1,0,1,0,1,1,0,0,2,8,19745,910,15.0,0.7,121557
37,NORTH CAROLINA,NC,Greene,37079,"Greene County, North Carolina",266.7389841,21008,0,8316,99,7259,191,4781,669,871,205,18339,1038,3870,261,3195,2,4388,26,4377,379,893,181,11145,54,988,199,96,30,3191,222,252,93,537,122,2408,243,25.7,3.6,9.7,2.3,18339.0,1038.0,25.9,1.8,15.2,0.1,20.9,0.1,23.4,2.0,12.3,2.5,53.1,0.3,5.0,1.0,1.2,0.4,38.4,2.6,3.5,1.3,7.4,1.7,11.5,1.2,0.9495,0.9192,0.9798,1.0,3.8485,1.0,0.1414,0.4545,0.9697,0.899,2.4646,0.8485,0.8586,0.9697,1.8283,0.9899,0.2424,1.0,0.9293,0.6869,0.9697,3.8283,0.9798,11.9697,1.0,1,1,1,1,4,0,0,1,0,1,0,1,1,0,1,1,0,1,3,9,3098,347,16.6,1.8,14564
